Workbook

Sheet LNO-CCSD(T)-def2nZVP
A1: MOBH35 Revised Reference values from acs.jctc.9b01266 DLPNO-CCSD(T)/def2-{T,Q}ZVPP + (DLPNO-T1 - DLPNO-T0/def2TZVPP) | D1: LNO-CCSD(T)/def2-SV(P) with lcorthr=Tight with standard options | V1: LNO-CCSD(T) - CCSD(T) [MRCC - Ψ4] | AA1: DIFFERENCES OF DIFFERENCES | AE1: LNO-CCSD(T)/def2-SV(P) with lcorthr=Tight+ w/ wpairtol=1e-6 | AW1: LNO-CCSD(T) - CCSD(T) [MRCC - Ψ4] | BB1: DIFFERENCES OF DIFFERENCES | BF1: LNO-CCSD(T)/def2-SV(P) with lcorthr=Normal w/ wpairtol=1e-5 | BY1: LNO-CCSD(T) - CCSD(T) [MRCC - Ψ4] | CD1: DIFFERENCES OF DIFFERENCES | CH1: LNO-CCSD(T)/def2-SV(P) with lcorthr=Normal w/ wpairtol=1e-6 | DA1: LNO-CCSD(T) - CCSD(T) [MRCC - Ψ4] | DF1: DIFFERENCES OF DIFFERENCES | DJ1: LNO-CCSD(T)/def2-SV(P) with lcorthr=vTight | EC1: LNO-CCSD(T) - CCSD(T) [MRCC - Ψ4] | EH1: DIFFERENCES OF DIFFERENCES | EK1: LNO-CCSD(T)/def2-SVP with lcorthr=Tight with standard options | FM1: LNO-CCSD(T)/def2-SVP with lcorthr=Tight+ w/ wpairtol=1e-6 | GF1: LNO-CCSD(T) - CCSD(T) [MRCC - Ψ4] | GO1: LNO-CCSD(T)/def2-SVP with lcorthr=Normal w/ wpairtol=1e-5 | HH1: LNO-CCSD(T) - CCSD(T) [MRCC - Ψ4] | HQ1: LNO-CCSD(T)/def2-SVP with lcorthr=Normal w/ wpairtol=1e-6 | IK1: LNO-CCSD(T) - CCSD(T) [MRCC - Ψ4] | IS1: LNO-CCSD(T)/def2-SVP with lcorthr=vTight | JM1: LNO-CCSD(T) - CCSD(T) [MRCC - Ψ4] | JT1: LNO-CCSD(T)/pwCVTZ | JV1: LNO-CCSD(T)/cc-pVTZ-PP | JX1: LNO-CCSD(T)/def2-TZVPP with lcorthr=Tight+ w/ wpairtol=1e-6 | KX1: LNO-CCSD(T)/pwCVTZ | KZ1: LNO-CCSD(T)/pVTZ | LH1: DLPNO Tight TZVP | LK1: DLPNO Tight TZVP | LP1: LNO-CCSD(T)/def2-TZVPP with lcorthr=Tight (standard) w/ wpairtol=1e-5 | MJ1: LNO-CCSD(T)/def2-TZVPP with lcorthr=Normal w/ wpairtol=1e-5 | NE1: LNO-CCSD(T)/def2-TZVPP with lcorthr=Normal w/ wpairtol=1e-6 | NZ1: LNO-CCSD(T)/def2-QZVPP with lcorthr=Normal | OT1: LNO-CCSD(T)/def2-QZVPP with lcorthr=Tight (standard) wpairtol=3e-6 | PN1: a34 | PO1: Best estimate calculation | PX1: Best estimate calculation [CCSD component; def2-TZVPP and def2-QZVPP w/ Tight] | QH1: LNO-CCSD(T)/def2-TZVPP with lcorthr=Tight (standard) w/ wpairtol=3e-6 and FROZEN (n-1)sp | RB1: LNO-CCSD(T)/def2-QZVPP with lcorthr=Tight (standard) w/ wpairtol=3e-6 and FROZEN (n-1)sp
KJ2: RIMP2/def2-TZVPP | KL2: Css,1/3, Cos,1.2, | KM2: Css,0, Cos,1.3, | PN2: 7.88 | PO2: =1/(EXP(PN2*(SQRT(4)-SQRT(3)))-1) -> 0.13773869 | PP2: Schwenke coeffs. | PQ2: =1/((4/3)^2.97-1) -> 0.74074019 | PR2: =1/((3/2)^2.4-1) -> 0.6074678 | PX2: 0.13773869 | PY2: Schwenke coeffs. | PZ2: 0.74074019 | QA2: 0.6074678
C3: Species | D3: E_HF | E3: E_LNO_CCSD_T_with_mp2_weak_pairs | F3: E_LNO_CCSD_T | G3: E_LNO_CCSD_with_mp2_weak_pairs | H3: E_LNO_CCSD | I3: E_LNO_MP2_with_mp2_weak_pairs | J3: E_LNO_MP2 | L3: ΔE HF | M3: ΔE LNO-MP2 | N3: ΔE LNO-MP2+MP2 | O3: ΔE LNO-CCSD | P3: ΔE LNO-CCSD+MP2 | Q3: ΔE LNO-CCSD(T) | R3: ΔΕ LNO-CCSD(T)+MP2 | S3: CCSD(T)-MP2 | T3: . (T) | V3: ΔSCF | W3: ∆MP2 | X3: ∆CCSD | Y3: ∆CCSD(T) | Z3: ΔLNO-CCSD(T)-DLPNO-CCSD(T1) /def2-SV(P) | AA3: ∆CCSD - ∆SCF | AB3: ∆∆(T) | AD3: Species | AE3: E_HF | AF3: E_LNO_CCSD_T_with_mp2_weak_pairs | AG3: E_LNO_CCSD_T | AH3: E_LNO_CCSD_with_mp2_weak_pairs | AI3: E_LNO_CCSD | AJ3: E_LNO_MP2_with_mp2_weak_pairs | AK3: E_LNO_MP2 | AM3: ΔE HF | AN3: ΔE LNO-MP2 | AO3: ΔE LNO-MP2+MP2 | AP3: ΔE LNO-CCSD | AQ3: ΔE LNO-CCSD+MP2 | AR3: ΔE LNO-CCSD(T) | AS3: ΔΕ LNO-CCSD(T)+MP2 | AT3: CCSD(T)-MP2 | AU3: . (T) | AW3: ΔSCF | AX3: ∆MP2 | AY3: ∆CCSD | AZ3: ∆CCSD(T) | BA3: ΔLNO-CCSD(T)-DLPNO-CCSD(T1) /def2-SV(P) | BB3: ∆CCSD - ∆SCF | BC3: ∆∆(T) | BE3: Species | BF3: E_HF | BG3: E_LNO_CCSD_T_with_mp2_weak_pairs | BH3: E_LNO_CCSD_T | BI3: E_LNO_CCSD_with_mp2_weak_pairs | BJ3: E_LNO_CCSD | BK3: E_LNO_MP2_with_mp2_weak_pairs | BL3: Ecorr_mp2_weak_pairs | BM3: E_LNO_MP2 | BO3: ΔE HF | BP3: ΔE LNO-MP2 | BQ3: ΔE LNO-MP2+MP2 | BR3: ΔE LNO-CCSD | BS3: ΔE LNO-CCSD+MP2 | BT3: ΔE LNO-CCSD(T) | BU3: ΔΕ LNO-CCSD(T)+MP2 | BV3: CCSD(T)-MP2 | BW3: . (T) | BX3: Tight+-Normal (T) | BY3: ΔSCF | BZ3: ∆MP2 | CA3: ∆CCSD | CB3: ∆CCSD(T) | CC3: ΔLNO-CCSD(T)-DLPNO-CCSD(T1) /def2-sv(p) | CD3: ∆CCSD - ∆SCF | CE3: ∆∆(T) | CG3: Species | CH3: E_HF | CI3: E_LNO_CCSD_T_with_mp2_weak_pairs | CJ3: E_LNO_CCSD_T | CK3: E_LNO_CCSD_with_mp2_weak_pairs | CL3: E_LNO_CCSD | CM3: E_LNO_MP2_with_mp2_weak_pairs | CN3: Ecorr_mp2_weak_pairs | CO3: E_LNO_MP2 | CQ3: ΔE HF | CR3: ΔE LNO-MP2 | CS3: ΔE LNO-MP2+MP2 | CT3: ΔE LNO-CCSD | CU3: ΔE LNO-CCSD+MP2 | CV3: ΔE LNO-CCSD(T) | CW3: ΔΕ LNO-CCSD(T)+MP2 | CX3: CCSD(T)-MP2 | CY3: . (T) | CZ3: Normal(tight+)-Normal (T) | DA3: ΔSCF | DB3: ∆MP2 | DC3: ∆CCSD | DD3: ∆CCSD(T) | DE3: ΔLNO-CCSD(T)-DLPNO-CCSD(T1) /def2-SV(P) | DF3: ∆CCSD - ∆SCF | DG3: ∆∆(T) | DI3: Species | DJ3: E_HF | DK3: E_LNO_CCSD_T_with_mp2_weak_pairs | DL3: E_LNO_CCSD_T | DM3: E_LNO_CCSD_with_mp2_weak_pairs | DN3: E_LNO_CCSD | DO3: E_LNO_MP2_with_mp2_weak_pairs | DP3: Ecorr_mp2_weak_pairs | DQ3: E_LNO_MP2 | DS3: ΔE HF | DT3: ΔE LNO-MP2 | DU3: ΔE LNO-MP2+MP2 | DV3: ΔE LNO-CCSD | DW3: ΔE LNO-CCSD+MP2 | DX3: ΔE LNO-CCSD(T) | DY3: ΔΕ LNO-CCSD(T)+MP2 | DZ3: CCSD(T)-MP2 | EA3: . (T) | EB3: Verytight-Tight (T) | EC3: ΔSCF | ED3: ∆MP2 | EE3: ∆CCSD | EF3: ∆CCSD(T) | EG3: ΔLNO-CCSD(T)-DLPNO-CCSD(T1) /def2-SV(P) | EH3: ∆CCSD - ∆SCF | EI3: ∆∆(T) | EK3: FILE_NAME | EL3: E_HF | EM3: E_LNO_CCSD_T_with_mp2_weak_pairs | EN3: E_LNO_CCSD_T | EO3: E_LNO_CCSD_with_mp2_weak_pairs | EP3: E_LNO_CCSD | EQ3: E_LNO_MP2_with_mp2_weak_pairs | ER3: Ecorr_with_mp2_weak_pairs | ES3: E_LNO_MP2 | EU3: ΔE HF | EV3: ΔE LNO-MP2 | EW3: ΔE LNO-MP2+MP2 | EX3: ΔE LNO-CCSD | EY3: ΔE LNO-CCSD+MP2 | EZ3: ΔE LNO-CCSD(T) | FA3: ΔΕ LNO-CCSD(T)+MP2 | FB3: CCSD(T)-MP2 | FC3: . (T) | FD3: ΔSCF | FE3: ∆MP2 | FF3: ∆CCSD | FG3: ∆CCSD(T) | FH3: ΔLNO-CCSD(T)-DLPNO-CCSD(T1) /def2-SVP | FI3: ∆CCSD - ∆SCF | FJ3: ∆∆(T) | FL3: Species | FM3: E_HF | FN3: E_LNO_CCSD_T_with_mp2_weak_pairs | FO3: E_LNO_CCSD_T | FP3: E_LNO_CCSD_with_mp2_weak_pairs | FQ3: E_LNO_CCSD | FR3: E_LNO_MP2_with_mp2_weak_pairs | FS3: Ecorr_mp2_weak_pairs | FT3: E_LNO_MP2 | FV3: ΔE HF | FW3: ΔE LNO-MP2 | FX3: ΔE LNO-MP2+MP2 | FY3: ΔE LNO-CCSD | FZ3: ΔE LNO-CCSD+MP2 | GA3: ΔE LNO-CCSD(T) | GB3: ΔΕ LNO-CCSD(T)+MP2 | GC3: CCSD(T)-MP2 | GD3: . (T) | GE3: ∆TAE(TZVPP) | GF3: ΔSCF | GG3: ∆MP2 | GH3: ∆CCSD | GI3: ∆CCSD(T) | GJ3: ΔLNO-CCSD(T)- DLPNO-CCSD(T1) /def2-SVP [GRIDXS2] | GK3: ∆CCSD - ∆SCF | GL3: ∆∆(T) | GN3: Species | GO3: E_HF | GP3: E_LNO_CCSD_T_with_mp2_weak_pairs | GQ3: E_LNO_CCSD_T | GR3: E_LNO_CCSD_with_mp2_weak_pairs | GS3: E_LNO_CCSD | GT3: E_LNO_MP2_with_mp2_weak_pairs | GU3: Ecorr_mp2_weak_pairs | GV3: E_LNO_MP2 | GX3: ΔE HF | GY3: ΔE LNO-MP2 | GZ3: ΔE LNO-MP2+MP2 | HA3: ΔE LNO-CCSD | HB3: ΔE LNO-CCSD+MP2 | HC3: ΔE LNO-CCSD(T) | HD3: ΔΕ LNO-CCSD(T)+MP2 | HE3: CCSD(T)-MP2 | HF3: . (T) | HG3: Tight+-Normal (T) | HH3: ΔSCF | HI3: ∆MP2 | HJ3: ∆CCSD | HK3: ∆CCSD(T) | HL3: ΔLNO-CCSD(T)-DLPNO-CCSD(T1) /def2-svp [GRIDXS2] | HM3: ∆CCSD - ∆SCF | HN3: ∆∆(T) | HP3: Species | HQ3: E_HF | HR3: E_LNO_CCSD_T_with_mp2_weak_pairs | HS3: E_LNO_CCSD_T | HT3: E_LNO_CCSD_with_mp2_weak_pairs | HU3: E_LNO_CCSD | HV3: E_LNO_MP2_with_mp2_weak_pairs | HW3: Ecorr_with_mp2_weak_pairs | HX3: E_LNO_MP2 | HZ3: ΔE HF | IA3: ΔE LNO-MP2 | IB3: ΔE LNO-MP2+MP2 | IC3: ΔE LNO-CCSD | ID3: ΔE LNO-CCSD+MP2 | IE3: ΔE LNO-CCSD(T) | IF3: ΔΕ LNO-CCSD(T)+MP2 | IG3: CCSD(T)-MP2 | IH3: . (T) | II3: Normal(tight+)-Normal (T) | IJ3: ΔSCF | IK3: ∆MP2 | IL3: ∆CCSD | IM3: ∆CCSD(T) | IN3: ΔLNO-CCSD(T)- DLPNO-CCSD(T1) / def2-SVP | IO3: ∆CCSD - ∆SCF | IP3: ∆∆(T) | IR3: Species | IS3: E_HF | IT3: E_LNO_CCSD_T_with_mp2_weak_pairs | IU3: E_LNO_CCSD_T | IV3: E_LNO_CCSD_with_mp2_weak_pairs | IW3: E_LNO_CCSD | IX3: E_LNO_MP2_with_mp2_weak_pairs | IY3: Ecorr_with_mp2_weak_pairs | IZ3: E_LNO_MP2 | JB3: ΔE HF | JC3: ΔE LNO-MP2 | JD3: ΔE LNO-MP2+MP2 | JE3: ΔE LNO-CCSD | JF3: ΔE LNO-CCSD+MP2 | JG3: ΔE LNO-CCSD(T) | JH3: ΔΕ LNO-CCSD(T)+MP2 | JI3: CCSD(T)-MP2 | JJ3: . (T) | JK3: Verytight-Tight | JL3: ΔSCF | JM3: ∆MP2 | JN3: ∆CCSD | JO3: ∆CCSD(T) | JP3: ΔLNO-CCSD(T)- DLPNO-CCSD(T1) / def2-SVP | JQ3: ∆CCSD - ∆SCF | JR3: ∆∆(T) | JT3: LNO-CCSD(T) pwCVTZ(n-1)sp | JU3: LNO-CCSD(T) pwCVTZ (n-1)sp frozen | JV3: LNO-CCSD(T) cc-pVTZ-PP frozen | JX3: Species | JY3: E_HF | JZ3: E_LNO_CCSD_T_with_mp2_weak_pairs | KA3: E_LNO_CCSD_T | KB3: E_LNO_CCSD_with_mp2_weak_pairs | KC3: E_LNO_CCSD | KD3: E_LNO_MP2_with_mp2_weak_pairs | KE3: Ecorr_mp2_weak_pairs | KF3: E_LNO_MP2 | KG3: DLPNO-CCSD TightPNO | KH3: Mark Iron old | KJ3: E2ss | KK3: E2_OS | KL3: E_SCS-MP2 | KM3: E_SOS-MP2 | KN3: ΔE HF | KO3: ΔE LNO-MP2 | KP3: ΔE SCS-MP2 | KQ3: ΔE SOS-MP2 | KR3: ΔE LNO-MP2+MP2 | KS3: ΔE LNO-CCSD | KT3: ΔE LNO-CCSD+MP2 | KU3: ΔE LNO-CCSD(T) | KV3: ΔΕ LNO-CCSD(T)+MP2 | KW3: CCSD(T)-MP2 | KX3: pwCVTZ(n-1)sp | KY3: ditto sp frozen | KZ3: pVTZ-PP sp frozen | LA3: . (T) | LB3: Δbasis (T) | LC3: ΔSCF MRCC from MOLPRO | LD3: total TZVPP - SVP | LH3: CCSD | LI3: diff | LJ3: diff+MP2weak | LK3: CCSD(T) | LL3: diff | LM3: diff+MP2weak | LN3: -∆basis cross-check | LP3: Species | LQ3: E_HF | LR3: E_LNO_CCSD_T_with_mp2_weak_pairs | LS3: E_LNO_CCSD_T | LT3: E_LNO_CCSD_with_mp2_weak_pairs | LU3: E_LNO_CCSD | LV3: E_LNO_MP2_with_mp2_weak_pairs | LW3: Ecorr_mp2_weak_pairs | LX3: E_LNO_MP2 | LZ3: ΔE HF | MA3: ΔE LNO-MP2 | MB3: ΔE LNO-MP2+MP2 | MC3: ΔE LNO-CCSD | MD3: ΔE LNO-CCSD+MP2 | ME3: ΔE LNO-CCSD(T) | MF3: ΔΕ LNO-CCSD(T)+MP2 | MG3: CCSD(T)-MP2 | MH3: . (T) | MJ3: Species | MK3: E_HF | ML3: E_LNO_CCSD_T_with_mp2_weak_pairs | MM3: E_LNO_CCSD_T | MN3: E_LNO_CCSD_with_mp2_weak_pairs | MO3: E_LNO_CCSD | MP3: E_LNO_MP2_with_mp2_weak_pairs | MQ3: Ecorr_mp2_weak_pairs | MR3: E_LNO_MP2 | MT3: ΔE HF | MU3: ΔE LNO-MP2 | MV3: ΔE LNO-MP2+MP2 | MW3: ΔE LNO-CCSD | MX3: ΔE LNO-CCSD+MP2 | MY3: ΔE LNO-CCSD(T) | MZ3: ΔΕ LNO-CCSD(T)+MP2 | NA3: CCSD(T)-MP2 | NB3: . (T) | NC3: Tight-Normal (T) | NE3: Species | NF3: E_HF | NG3: E_LNO_CCSD_T_with_mp2_weak_pairs | NH3: E_LNO_CCSD_T | NI3: E_LNO_CCSD_with_mp2_weak_pairs | NJ3: E_LNO_CCSD | NK3: E_LNO_MP2_with_mp2_weak_pairs | NL3: Ecorr_mp2_weak_pairs | NM3: E_LNO_MP2 | NO3: ΔE HF | NP3: ΔE LNO-MP2 | NQ3: ΔE LNO-MP2+MP2 | NR3: ΔE LNO-CCSD | NS3: ΔE LNO-CCSD+MP2 | NT3: ΔE LNO-CCSD(T) | NU3: ΔΕ LNO-CCSD(T)+MP2 | NV3: CCSD(T)-MP2 | NW3: . (T) | NX3: Normal(tight+)-Normal (T) | NZ3: Species | OA3: E_HF | OB3: E_LNO_CCSD_T_with_mp2_weak_pairs | OC3: E_LNO_CCSD_T | OD3: E_LNO_CCSD_with_mp2_weak_pairs | OE3: E_LNO_CCSD | OF3: E_LNO_MP2_with_mp2_weak_pairs | OG3: Ecorr_mp2_weak_pairs | OH3: E_LNO_MP2 | OJ3: ΔE HF | OK3: ΔE LNO-MP2 | OL3: ΔE LNO-MP2+MP2 | OM3: ΔE LNO-CCSD | ON3: ΔE LNO-CCSD+MP2 | OO3: ΔE LNO-CCSD(T) | OP3: ΔΕ LNO-CCSD(T)+MP2 | OQ3: CCSD(T)-MP2 | OR3: . (T) | OT3: Species | OU3: E_HF | OV3: E_LNO_CCSD_T_with_mp2_weak_pairs | OW3: E_LNO_CCSD_T | OX3: E_LNO_CCSD_with_mp2_weak_pairs | OY3: E_LNO_CCSD | OZ3: E_LNO_MP2_with_mp2_weak_pairs | PA3: Ecorr_mp2_weak_pairs | PB3: E_LNO_MP2 | PD3: ΔE HF | PE3: ΔE LNO-MP2 | PF3: ΔE LNO-MP2+MP2 | PG3: ΔE LNO-CCSD | PH3: ΔE LNO-CCSD+MP2 | PI3: ΔE LNO-CCSD(T) | PJ3: ΔΕ LNO-CCSD(T)+MP2 | PK3: CCSD(T)-MP2 | PL3: . (T) | PO3: ∆basisSCF | PP3: ∆LNO-CCSD | PQ3: ∆CORRbasis CCSD | PR3: ∆CORRbasis Triples | PS3: ∆CBS SCF+CCSD | PT3: ∆CBS (T) | PU3: canonical - LNOtight / def2-SVP | PV3: BEST ESTIMATE | PX3: ∆basisSCF | PY3: ∆LNO-CCSD | PZ3: ∆CORRbasis CCSD | QA3: ∆CORRbasis Triples | QB3: ∆CBS SCF+CCSD | QC3: ∆CBS (T) | QD3: canonical - LNOtight / def2-SVP | QE3: BEST ESTIMATE | QH3: Species | QI3: E_HF | QJ3: E_LNO_CCSD_T_with_mp2_weak_pairs | QK3: E_LNO_CCSD_T | QL3: E_LNO_CCSD_with_mp2_weak_pairs | QM3: E_LNO_CCSD | QN3: E_LNO_MP2_with_mp2_weak_pairs | QO3: Ecorr_mp2_weak_pairs | QP3: E_LNO_MP2 | QR3: ΔE HF | QS3: ΔE LNO-MP2 | QT3: ΔE LNO-MP2+MP2 | QU3: ΔE LNO-CCSD | QV3: ΔE LNO-CCSD+MP2 | QW3: ΔE LNO-CCSD(T) | QX3: ΔΕ LNO-CCSD(T)+MP2 | QY3: CCSD(T)-MP2 | QZ3: . (T) | RB3: Species | RC3: E_HF | RD3: E_LNO_CCSD_T_with_mp2_weak_pairs | RE3: E_LNO_CCSD_T | RF3: E_LNO_CCSD_with_mp2_weak_pairs | RG3: E_LNO_CCSD | RH3: E_LNO_MP2_with_mp2_weak_pairs | RI3: Ecorr_mp2_weak_pairs | RJ3: E_LNO_MP2 | RL3: ΔE HF | RM3: ΔE LNO-MP2 | RN3: ΔE LNO-MP2+MP2 | RO3: ΔE LNO-CCSD | RP3: ΔE LNO-CCSD+MP2 | RQ3: ΔE LNO-CCSD(T) | RR3: ΔΕ LNO-CCSD(T)+MP2 | RS3: CCSD(T)-MP2 | RT3: . (T)
A4: 26.03 | C4: 01_end | D4: -1852.326 | E4: -1856.4935 | F4: -1856.4806 | G4: -1856.3313 | H4: -1856.3248 | I4: -1856.1193 | J4: -1856.1064 | K4: ∆E#fwd | L4: =627.5095*(D6-D5) -> 43.887969 | M4: =627.5095*(J6-J5) -> 28.148782 | N4: =627.5095*(I6-I5) -> 28.266525 | O4: =627.5095*(H6-H5) -> 33.200145 | P4: =627.5095*(G6-G5) -> 33.259016 | Q4: =627.5095*(F6-F5) -> 30.871739 | R4: =627.5095*(E6-E5) -> 30.989482 | S4: =R4-N4 -> 2.7229569 | T4: =R4-P4 -> -2.2695343 | V4: =L4-'CCSD(T)'!BV4 -> -0.0015012099 | W4: =N4-'CCSD(T)'!BW4 -> -0.049669154 | X4: =P4-'CCSD(T)'!BX4 -> -0.16742179 | Y4: =R4-'CCSD(T)'!BY4 -> -0.045154475 | Z4: =R4-'DLPNO-CCSD(T1 or T0)'!CT3 -> -0.13340747 | AA4: =X4-V4 -> -0.16592058 | AB4: =Y4-X4 -> 0.12226732 | AD4: 01_end | AE4: -1852.326 | AF4: -1856.4937 | AG4: -1856.481 | AH4: -1856.3315 | AI4: -1856.3251 | AJ4: -1856.1196 | AK4: -1856.1069 | AL4: ∆E#fwd | AM4: =627.5095*(AE6-AE5) -> 43.887969 | AN4: =627.5095*(AK6-AK5) -> 28.15577 | AO4: =627.5095*(AJ6-AJ5) -> 28.276181 | AP4: =627.5095*(AI6-AI5) -> 33.203304 | AQ4: =627.5095*(AH6-AH5) -> 33.26351 | AR4: =627.5095*(AG6-AG5) -> 30.870105 | AS4: =627.5095*(AF6-AF5) -> 30.990516 | AT4: =AS4-AO4 -> 2.7143346 | AU4: =AS4-AQ4 -> -2.272994 | AW4: =AM4-'CCSD(T)'!BV4 -> -0.001501235 | AX4: =AO4-'CCSD(T)'!BW4 -> -0.040012975 | AY4: =AQ4-'CCSD(T)'!BX4 -> -0.16292819 | AZ4: =AS4-'CCSD(T)'!BY4 -> -0.04412059 | BA4: =AS4-'DLPNO-CCSD(T1 or T0)'!CT3 -> -0.13237359 | BB4: =AY4-AW4 -> -0.16142696 | BC4: =AZ4-AY4 -> 0.1188076 | BE4: 01_end | BF4: -1852.326 | BG4: -1856.4943 | BH4: -1856.4597 | BI4: -1856.3277 | BJ4: -1856.3104 | BK4: -1856.1181 | BL4: -0.034579473 | BM4: =BK4-BL4 -> -1856.0835 | BN4: ∆E#fwd | BO4: =627.5095*(BF6-BF5) -> 43.887969 | BP4: =627.5095*(BM6-BM5) -> 27.967582 | BQ4: =627.5095*(BK6-BK5) -> 28.19795 | BR4: =627.5095*(BJ6-BJ5) -> 32.904649 | BS4: =627.5095*(BI6-BI5) -> 33.019833 | BT4: =627.5095*(BH6-BH5) -> 30.698486 | BU4: =627.5095*(BG6-BG5) -> 30.928854 | BV4: =BU4-BQ4 -> 2.7309043 | BW4: =BU4-BS4 -> -2.0909792 | BX4: =AU4-BW4 -> -0.18201485 | BY4: =BO4-'CCSD(T)'!BV4 -> -0.0015012099 | BZ4: =BQ4-'CCSD(T)'!BW4 -> -0.11824417 | CA4: =BS4-'CCSD(T)'!BX4 -> -0.40660458 | CB4: =BU4-'CCSD(T)'!BY4 -> -0.10578213 | CC4: =BU4-'DLPNO-CCSD(T1 or T0)'!CT3 -> -0.19403513 | CD4: =CA4-BY4 -> -0.40510337 | CE4: =CB4-CA4 -> 0.30082245 | CG4: 01_end | CH4: -1852.326 | CI4: -1856.4953 | CJ4: -1856.4613 | CK4: -1856.3287 | CL4: -1856.3118 | CM4: -1856.1193 | CN4: -0.033970896 | CO4: =CM4-CN4 -> -1856.0854 | CP4: ∆E#fwd | CQ4: =627.5095*(CH6-CH5) -> 43.887969 | CR4: =627.5095*(CO6-CO5) -> 27.986221 | CS4: =627.5095*(CM6-CM5) -> 28.18744 | CT4: =627.5095*(CL6-CL5) -> 32.948366 | CU4: =627.5095*(CK6-CK5) -> 33.048976 | CV4: =627.5095*(CJ6-CJ5) -> 30.746307 | CW4: =627.5095*(CI6-CI5) -> 30.947526 | CX4: =CW4-CS4 -> 2.760086 | CY4: =CW4-CU4 -> -2.1014498 | CZ4: =CY4-BW4 -> -0.010470599 | DA4: =CQ4-'CCSD(T)'!BV4 -> -0.0015012161 | DB4: =CS4-'CCSD(T)'!BW4 -> -0.12875428 | DC4: =CU4-'CCSD(T)'!BX4 -> -0.37746237 | DD4: =CW4-'CCSD(T)'!BY4 -> -0.08711052 | DE4: =CW4-'DLPNO-CCSD(T1 or T0)'!CT3 -> -0.17536352 | DF4: =DC4-DA4 -> -0.37596115 | DG4: =DD4-DC4 -> 0.29035185 | DI4: 01_end | DJ4: -1852.326 | DK4: -1856.4926 | DL4: -1856.4889 | DM4: -1856.332 | DN4: -1856.3302 | DO4: -1856.1199 | DP4: -0.0036721738 | DQ4: =DO4-DP4 -> -1856.1162 | DR4: ∆E#fwd | DS4: =627.5095*(DJ6-DJ5) -> 43.887969 | DT4: =627.5095*(DQ6-DQ5) -> 28.315524 | DU4: =627.5095*(DO6-DO5) -> 28.313391 | DV4: =627.5095*(DN6-DN5) -> 33.374776 | DW4: =627.5095*(DM6-DM5) -> 33.37371 | DX4: =627.5095*(DL6-DL5) -> 31.01398 | DY4: =627.5095*(DK6-DK5) -> 31.011847 | DZ4: =DY4-DU4 -> 2.6984558 | EA4: =DY4-DW4 -> -2.3618628 | EB4: =EA4-T4 -> -0.092328523 | EC4: =DS4-'CCSD(T)'!BV4 -> -0.0015011973 | ED4: =DU4-'CCSD(T)'!BW4 -> -0.0028026969 | EE4: =DW4-'CCSD(T)'!BX4 -> -0.052727911 | EF4: =DY4-'CCSD(T)'!BY4 -> -0.022789114 | EG4: =DY4-'DLPNO-CCSD(T1 or T0)'!CT3 -> -0.11104211 | EH4: =EE4-EC4 -> -0.051226714 | EI4: =EF4-EE4 -> 0.029938797 | EK4: 01_end | EL4: -1852.439 | EM4: -1856.9216 | EN4: -1856.9079 | EO4: -1856.7445 | EP4: -1856.7377 | EQ4: -1856.5242 | ER4: -0.013679538 | ES4: =EQ4-ER4 -> -1856.5105 | ET4: ∆E#fwd | EU4: =627.5095*(EL6-EL5) -> 40.985735 | EV4: =627.5095*(ES6-ES5) -> 24.314894 | EW4: =627.5095*(EQ6-EQ5) -> 24.414897 | EX4: =627.5095*(EP6-EP5) -> 29.40981 | EY4: =627.5095*(EO6-EO5) -> 29.459812 | EZ4: =627.5095*(EN6-EN5) -> 26.94828 | FA4: =627.5095*(EM6-EM5) -> 27.048284 | FB4: =FA4-EW4 -> 2.6333863 | FC4: =FA4-EY4 -> -2.4115287 | FD4: =EU4-'CCSD(T)'!BB4 -> -0.0028887587 | FE4: =EW4-'CCSD(T)'!BC4 -> -0.0056683879 | FF4: =EY4-'CCSD(T)'!CH4 -> -0.13489842 | FG4: =FA4-'CCSD(T)'!CI4 -> -0.015148294 | FH4: =FA4-'DLPNO-CCSD(T1 or T0)'!AF3 -> -0.1378394 | FI4: =FF4-FD4 -> -0.13200967 | FJ4: =FG4-FF4 -> 0.11975013 | FL4: 01_end | FM4: -1852.439 | FN4: -1856.9218 | FO4: -1856.9082 | FP4: -1856.7447 | FQ4: -1856.738 | FR4: -1856.5245 | FS4: -0.013567072 | FT4: =FR4-FS4 -> -1856.5109 | FU4: ∆E#fwd | FV4: =627.5095*(FM6-FM5) -> 40.985735 | FW4: =627.5095*(FT6-FT5) -> 24.339563 | FX4: =627.5095*(FR6-FR5) -> 24.429121 | FY4: =627.5095*(FQ6-FQ5) -> 29.420192 | FZ4: =627.5095*(FP6-FP5) -> 29.464971 | GA4: =627.5095*(FO6-FO5) -> 26.967453 | GB4: =627.5095*(FN6-FN5) -> 27.057011 | GC4: =GB4-FX4 -> 2.6278894 | GD4: =GB4-FZ4 -> -2.4079607 | GE4: =LA4-GD4 -> -0.37701308 | GF4: =FV4-'CCSD(T)'!BB4 -> -0.0028887712 | GG4: =FX4-'CCSD(T)'!BC4 -> 0.0085555771 | GH4: =FZ4-'CCSD(T)'!BD4 -> -0.12973935 | GI4: =GB4-'CCSD(T)'!BE4 -> -0.0064212054 | GJ4: =GB4-'DLPNO-CCSD(T1 or T0)'!O3 -> -0.32102228 | GK4: =GH4-GF4 -> -0.12685058 | GL4: =GI4-GH4 -> 0.12331814 | GN4: 01_end | GO4: -1852.439 | GP4: -1856.9224 | GQ4: -1856.8845 | GR4: -1856.7408 | GS4: -1856.7218 | GT4: -1856.5227 | GU4: -0.037871189 | GV4: =GT4-GU4 -> -1856.4849 | GW4: ∆E#fwd | GX4: =627.5095*(GO6-GO5) -> 40.985735 | GY4: =627.5095*(GV6-GV5) -> 24.027126 | GZ4: =627.5095*(GT6-GT5) -> 24.27279 | HA4: =627.5095*(GS6-GS5) -> 29.062414 | HB4: =627.5095*(GR6-GR5) -> 29.185246 | HC4: =627.5095*(GQ6-GQ5) -> 26.709884 | HD4: =627.5095*(GP6-GP5) -> 26.955548 | HE4: =HD4-GZ4 -> 2.6827579 | HF4: =HD4-HB4 -> -2.2296981 | HG4: =GD4-HF4 -> -0.17826259 | HH4: =GX4-'CCSD(T)'!BB4 -> -0.0028887649 | HI4: =GZ4-'CCSD(T)'!BC4 -> -0.14777565 | HJ4: =HB4-'CCSD(T)'!BD4 -> -0.40946466 | HK4: =HD4-'CCSD(T)'!BE4 -> -0.10788393 | HL4: =HD4-'DLPNO-CCSD(T1 or T0)'!CT3 -> -4.1673412 | HM4: =HJ4-HH4 -> -0.4065759 | HN4: =HK4-HJ4 -> 0.30158073 | HP4: 01_end | HQ4: -1852.439 | HR4: -1856.9234 | HS4: -1856.8863 | HT4: -1856.7419 | HU4: -1856.7233 | HV4: -1856.5241 | HW4: -0.037112676 | HX4: =HV4-HW4 -> -1856.487 | HY4: ∆E#fwd | HZ4: =627.5095*(HQ6-HQ5) -> 40.985735 | IA4: =627.5095*(HX6-HX5) -> 24.133203 | IB4: =627.5095*(HV6-HV5) -> 24.301834 | IC4: =627.5095*(HU6-HU5) -> 29.154423 | ID4: =627.5095*(HT6-HT5) -> 29.238738 | IE4: =627.5095*(HS6-HS5) -> 26.822988 | IF4: =627.5095*(HR6-HR5) -> 26.991619 | IG4: =IF4-IB4 -> 2.689785 | IH4: =IF4-ID4 -> -2.2471194 | II4: =IH4-HF4 -> -0.017421339 | IJ4: =HZ4-'CCSD(T)'!BB4 -> -0.0028887649 | IK4: =IB4-'CCSD(T)'!BC4 -> -0.11873181 | IL4: =ID4-'CCSD(T)'!BD4 -> -0.35597239 | IM4: =IF4-'CCSD(T)'!BE4 -> -0.071813004 | IN4: =IF4-'DLPNO-CCSD(T1 or T0)'!CT3 -> -4.1312703 | IO4: =IL4-IJ4 -> -0.35308363 | IP4: =IM4-IL4 -> 0.28415939 | IR4: 01_end | IS4: -1852.439 | IT4: -1856.9213 | IU4: -1856.9171 | IV4: -1856.7455 | IW4: -1856.7434 | IX4: -1856.5249 | IY4: -0.0042179316 | IZ4: =IX4-IY4 -> -1856.5206 | JA4: ∆E#fwd | JB4: =627.5095*(IS6-IS5) -> 40.985735 | JC4: =627.5095*(IZ6-IZ5) -> 24.425827 | JD4: =627.5095*(IX6-IX5) -> 24.424725 | JE4: =627.5095*(IW6-IW5) -> 29.538636 | JF4: =627.5095*(IV6-IV5) -> 29.538085 | JG4: =627.5095*(IU6-IU5) -> 27.038938 | JH4: =627.5095*(IT6-IT5) -> 27.037837 | JI4: =JH4-JD4 -> 2.6131112 | JJ4: =JH4-JF4 -> -2.5002489 | JK4: =JJ4-FC4 -> -0.088720205 | JL4: =JB4-'CCSD(T)'!BB4 -> -0.0028887649 | JM4: =JD4-'CCSD(T)'!BC4 -> 0.0041595466 | JN4: =JF4-'CCSD(T)'!BD4 -> -0.056625361 | JO4: =JH4-'CCSD(T)'!BE4 -> -0.025595436 | JP4: =JH4-'DLPNO-CCSD(T1 or T0)'!CT3 -> -4.0850527 | JQ4: =JN4-JL4 -> -0.053736597 | JR4: =JO4-JN4 -> 0.031029926 | JT4: -1859.1833 | JU4: -1858.839 | JV4: -1858.837 | JX4: 01_end | JY4: -1853.7027 | JZ4: -1859.0938 | KA4: -1859.0717 | KB4: -1858.8364 | KC4: -1858.8254 | KD4: -1858.6884 | KE4: -0.022075362 | KF4: =KD4-KE4 -> -1858.6663 | KG4: -1858.7197 | KH4: -1858.7197 | KI4: -1858.9658 | KJ4: -1.2469053 | KK4: -3.7390211 | KL4: =1.2*KK4+(1/3)*KJ4+JY4 -> -1858.6052 | KM4: =1.3*KK4+JY4 -> -1858.5635 | KN4: =627.5095*(JY6-JY5) -> 41.14991 | KO4: =627.5095*(KF6-KF5) -> 23.973243 | KP4: =627.5095*(KL6-KL5) -> 27.349453 | KQ4: =627.5095*(KM6-KM5) -> 29.111828 | KR4: =627.5095*(KD6-KD5) -> 23.888645 | KS4: =627.5095*(KC6-KC5) -> 29.577045 | KT4: =627.5095*(KB6-KB5) -> 29.534745 | KU4: =627.5095*(KA6-KA5) -> 26.83437 | KV4: =627.5095*(JZ6-JZ5) -> 26.749772 | KW4: =KV4-KR4 -> 2.861127 | KX4: =627.5095*(JT6-JT5) -> 26.54748 | KY4: =627.5095*(JU6-JU5) -> 28.536534 | KZ4: =627.5095*(JV6-JV5) -> 28.623518 | LA4: =KV4-KT4 -> -2.7849738 | LB4: =LA4-GD4 -> -0.37701308 | LC4: =KN4-'PNO-LCCSD(T)'!AB3 -> -0.003876465 | LD4: =KV4-GB4 -> -0.30723918 | LE4: =KX4-KV4 -> -0.20229179 | LF4: =KY4-KX4 -> 1.989054 | LG4: =AD4 -> 01_end | LH4: =627.5095*(KG6-KG5) -> 29.599155 | LI4: =KS4-LH4 -> -0.022110416 | LJ4: =KT4-LH4 -> -0.064409658 | LK4: =627.5095*(KI6-KI5) -> 26.878058 | LL4: =KU4-LK4 -> -0.043687883 | LM4: =KV4-LK4 -> -0.12828637 | LN4: =AP4-KS4 -> 3.6262597 | LP4: 01_end | LQ4: -1853.7027 | LR4: -1859.0935 | LS4: -1859.0712 | LT4: -1858.8362 | LU4: -1858.825 | LV4: -1858.688 | LW4: -0.022260182 | LX4: =LV4-LW4 -> -1858.6658 | LY4: ∆E#fwd | LZ4: =627.5095*(LQ6-LQ5) -> 41.14991 | MA4: =627.5095*(LX6-LX5) -> 23.977291 | MB4: =627.5095*(LV6-LV5) -> 23.892872 | MC4: =627.5095*(LU6-LU5) -> 29.578853 | MD4: =627.5095*(LT6-LT5) -> 29.536644 | ME4: =627.5095*(LS6-LS5) -> 26.836378 | MF4: =627.5095*(LR6-LR5) -> 26.751959 | MG4: =MF4-MB4 -> 2.8590872 | MH4: =MF4-MD4 -> -2.784685 | MJ4: 01_end | MK4: -1853.7027 | ML4: -1859.094 | MM4: -1859.0359 | MN4: -1858.8311 | MO4: -1858.802 | MP4: -1858.6861 | MQ4: -0.058075219 | MR4: =MP4-MQ4 -> -1858.628 | MS4: ∆E#fwd | MT4: =627.5095*(MK6-MK5) -> 41.14991 | MU4: =627.5095*(MR6-MR5) -> 23.843021 | MV4: =627.5095*(MP6-MP5) -> 23.836869 | MW4: =627.5095*(MO6-MO5) -> 29.344223 | MX4: =627.5095*(MN6-MN5) -> 29.341147 | MY4: =627.5095*(MM6-MM5) -> 26.77224 | MZ4: =627.5095*(ML6-ML5) -> 26.766087 | NA4: =MZ4-MV4 -> 2.9292182 | NB4: =MZ4-MX4 -> -2.5750596 | NC4: =LA4-NB4 -> -0.20991419 | NE4: 01_end | NF4: -1853.7027 | NG4: -1859.0954 | NH4: -1859.0382 | NI4: -1858.8326 | NJ4: -1858.8039 | NK4: -1858.6879 | NL4: -0.05726023 | NM4: =NK4-NL4 -> -1858.6306 | NN4: ∆E#fwd | NO4: =627.5095*(NF6-NF5) -> 41.14991 | NP4: =627.5095*(NM6-NM5) -> 23.873662 | NQ4: =627.5095*(NK6-NK5) -> 23.877165 | NR4: =627.5095*(NJ6-NJ5) -> 29.400593 | NS4: =627.5095*(NI6-NI5) -> 29.402345 | NT4: =627.5095*(NH6-NH5) -> 26.806423 | NU4: =627.5095*(NG6-NG5) -> 26.809926 | NV4: =NU4-NQ4 -> 2.9327606 | NW4: =NU4-NS4 -> -2.5924188 | NX4: =NW4-NB4 -> -0.01735926 | NZ4: 01_end | OA4: -1853.7622 | OB4: -1859.4597 | OC4: -1859.3776 | OD4: -1859.1666 | OE4: -1859.1256 | OF4: -1859.0767 | OG4: -0.082050956 | OH4: =OF4-OG4 -> -1858.9946 | OI4: ∆E#fwd | OJ4: =627.5095*(OA6-OA5) -> 41.179763 | OK4: =627.5095*(OH6-OH5) -> 23.576205 | OL4: =627.5095*(OF6-OF5) -> 23.240731 | OM4: =627.5095*(OE6-OE5) -> 29.084947 | ON4: =627.5095*(OD6-OD5) -> 28.91721 | OO4: =627.5095*(OC6-OC5) -> 26.47493 | OP4: =627.5095*(OB6-OB5) -> 26.139456 | OQ4: =OP4-OL4 -> 2.8987254 | OR4: =OP4-ON4 -> -2.7777542 | OT4: 01_end | OU4: -1853.7622 | OV4: -1859.4563 | OW4: -1859.4242 | OX4: -1859.1735 | OY4: -1859.1574 | OZ4: -1859.0786 | PA4: -0.032163635 | PB4: -1859.0465 | PC4: ∆E#fwd | PD4: 41.179762 | PE4: 23.467283 | PF4: 23.272028 | PG4: 29.158283 | PH4: 29.060656 | PI4: 26.36723 | PJ4: 26.171975 | PK4: 2.8999467 | PL4: -2.8886813 | PO4: =OJ4-MT4 -> 0.02985298 | PP4: =ON4-MX4 -> -0.42393611 | PQ4: =PP4-PO4 -> -0.45378909 | PR4: ='LNO-CCSD(T)-def2nZVP'!LB4 -> -0.37701308 | PS4: =PO$2*PO4+PQ$2*PQ4 -> -0.3320279 | PT4: =PR4*PR$2 -> -0.2290233 | PU4: =-'LNO-CCSD(T)-def2nZVP'!FA4+'CCSD(T)'!CI4 -> 0.015148294 | PV4: ='LNO-CCSD(T)-def2nZVP'!KV4+PS4+PT4+PU4 -> 26.203869 | PX4: 0.029852202 | PY4: -0.47598834 | PZ4: -0.50584054 | QA4: -0.37701308 | QB4: -0.37058462 | QC4: -0.2290233 | QD4: 0.015148294 | QE4: 26.165312 | QF4: =QE4-PV4 -> -0.038556712 | QH4: 01_end | QI4: -1853.7027 | QJ4: -1858.8461 | QK4: -1858.8256 | QL4: -1858.5979 | QM4: -1858.5877 | QN4: -1858.4572 | QO4: -0.020423186 | QP4: =QN4-QO4 -> -1858.4368 | QQ4: ∆E#fwd | QR4: =627.5095*(QI6-QI5) -> 41.14991 | QS4: =627.5095*(QP6-QP5) -> 26.591363 | QT4: =627.5095*(QN6-QN5) -> 26.524629 | QU4: =627.5095*(QM6-QM5) -> 31.418368 | QV4: =627.5095*(QL6-QL5) -> 31.385002 | QW4: =627.5095*(QK6-QK5) -> 28.892702 | QX4: =627.5095*(QJ6-QJ5) -> 28.825969 | QY4: =QX4-QT4 -> 2.3013392 | QZ4: =QX4-QV4 -> -2.5590332 | RB4: 01_end | RC4: -1853.7622 | RD4: -1859.1571 | RE4: -1859.1272 | RF4: -1858.8874 | RG4: -1858.8725 | RH4: -1858.8037 | RI4: -0.02990687 | RJ4: =RH4-RI4 -> -1858.7738 | RK4: ∆E#fwd | RL4: =627.5095*(RC6-RC5) -> 41.179763 | RM4: =627.5095*(RJ6-RJ5) -> 26.575196 | RN4: =627.5095*(RH6-RH5) -> 26.433229 | RO4: =627.5095*(RG6-RG5) -> 31.462281 | RP4: =627.5095*(RF6-RF5) -> 31.391298 | RQ4: =627.5095*(RE6-RE5) -> 28.901617 | RR4: =627.5095*(RD6-RD5) -> 28.75965 | RS4: =RR4-RN4 -> 2.3264207 | RT4: =RR4-RP4 -> -2.6316477
A5: 15.4 | C5: 01_start | D5: -1852.3368 | E5: -1856.5147 | F5: -1856.5014 | G5: -1856.3508 | H5: -1856.3442 | I5: -1856.1433 | J5: -1856.13 | K5: ∆E#rev | L5: =627.5095*(D6-D4) -> 37.146076 | M5: =627.5095*(J6-J4) -> 13.35097 | N5: =627.5095*(I6-I4) -> 13.216553 | O5: =627.5095*(H6-H4) -> 21.048286 | P5: =627.5095*(G6-G4) -> 20.981077 | Q5: =627.5095*(F6-F4) -> 17.825763 | R5: =627.5095*(E6-E4) -> 17.691345 | S5: =R5-N5 -> 4.4747926 | T5: =R5-P5 -> -3.2897319 | V5: =L5-'CCSD(T)'!BV5 -> -0.00033706677 | W5: =N5-'CCSD(T)'!BW5 -> -0.013377488 | X5: =P5-'CCSD(T)'!BX5 -> -0.21661958 | Y5: =R5-'CCSD(T)'!BY5 -> -0.073476012 | Z5: =R5-'DLPNO-CCSD(T1 or T0)'!CT4 -> -0.18421981 | AA5: =X5-V5 -> -0.21628252 | AB5: =Y5-X5 -> 0.14314357 | AD5: 01_start | AE5: -1852.3368 | AF5: -1856.5149 | AG5: -1856.5017 | AH5: -1856.351 | AI5: -1856.3445 | AJ5: -1856.1435 | AK5: -1856.1304 | AL5: ∆E#rev | AM5: =627.5095*(AE6-AE4) -> 37.146076 | AN5: =627.5095*(AK6-AK4) -> 13.383185 | AO5: =627.5095*(AJ6-AJ4) -> 13.236757 | AP5: =627.5095*(AI6-AI4) -> 21.066952 | AQ5: =627.5095*(AH6-AH4) -> 20.993738 | AR5: =627.5095*(AG6-AG4) -> 17.845948 | AS5: =627.5095*(AF6-AF4) -> 17.699519 | AT5: =AS5-AO5 -> 4.4627628 | AU5: =AS5-AQ5 -> -3.2942188 | AW5: =AM5-'CCSD(T)'!BV5 -> -0.00033709188 | AX5: =AO5-'CCSD(T)'!BW5 -> 0.0068263538 | AY5: =AQ5-'CCSD(T)'!BX5 -> -0.20395861 | AZ5: =AS5-'CCSD(T)'!BY5 -> -0.065301973 | BA5: =AS5-'DLPNO-CCSD(T1 or T0)'!CT4 -> -0.17604577 | BB5: =AY5-AW5 -> -0.20362151 | BC5: =AZ5-AY5 -> 0.13865663 | BE5: 01_start | BF5: -1852.3368 | BG5: -1856.5155 | BH5: -1856.4796 | BI5: -1856.3471 | BJ5: -1856.3292 | BK5: -1856.1419 | BL5: -0.035909793 | BM5: =BK5-BL5 -> -1856.106 | BN5: ∆E#rev | BO5: =627.5095*(BF6-BF4) -> 37.146076 | BP5: =627.5095*(BM6-BM4) -> 13.862511 | BQ5: =627.5095*(BK6-BK4) -> 13.258091 | BR5: =627.5095*(BJ6-BJ4) -> 21.10803 | BS5: =627.5095*(BI6-BI4) -> 20.80582 | BT5: =627.5095*(BH6-BH4) -> 18.195299 | BU5: =627.5095*(BG6-BG4) -> 17.590879 | BV5: =BU5-BQ5 -> 4.3327874 | BW5: =BU5-BS5 -> -3.2149413 | BX5: =AU5-BW5 -> -0.079277505 | BY5: =BO5-'CCSD(T)'!BV5 -> -0.00033707933 | BZ5: =BQ5-'CCSD(T)'!BW5 -> 0.028160924 | CA5: =BS5-'CCSD(T)'!BX5 -> -0.39187689 | CB5: =BU5-'CCSD(T)'!BY5 -> -0.17394276 | CC5: =BU5-'DLPNO-CCSD(T1 or T0)'!CT4 -> -0.28468655 | CD5: =CA5-BY5 -> -0.39153981 | CE5: =CB5-CA5 -> 0.21793414 | CG5: 01_start | CH5: -1852.3368 | CI5: -1856.5165 | CJ5: -1856.4814 | CK5: -1856.3483 | CL5: -1856.3307 | CM5: -1856.1433 | CN5: -0.035104986 | CO5: =CM5-CN5 -> -1856.1082 | CP5: ∆E#rev | CQ5: =627.5095*(CH6-CH4) -> 37.146076 | CR5: =627.5095*(CO6-CO4) -> 13.679999 | CS5: =627.5095*(CM6-CM4) -> 13.169564 | CT5: =627.5095*(CL6-CL4) -> 21.057031 | CU5: =627.5095*(CK6-CK4) -> 20.801813 | CV5: =627.5095*(CJ6-CJ4) -> 18.125861 | CW5: =627.5095*(CI6-CI4) -> 17.615427 | CX5: =CW5-CS5 -> 4.4458621 | CY5: =CW5-CU5 -> -3.186387 | CZ5: =CY5-BW5 -> 0.028554311 | DA5: =CQ5-'CCSD(T)'!BV5 -> -0.00033707305 | DB5: =CS5-'CCSD(T)'!BW5 -> -0.060365732 | DC5: =CU5-'CCSD(T)'!BX5 -> -0.39588319 | DD5: =CW5-'CCSD(T)'!BY5 -> -0.14939474 | DE5: =CW5-'DLPNO-CCSD(T1 or T0)'!CT4 -> -0.26013854 | DF5: =DC5-DA5 -> -0.39554612 | DG5: =DD5-DC5 -> 0.24648845 | DI5: 01_start | DJ5: -1852.3368 | DK5: -1856.5137 | DL5: -1856.51 | DM5: -1856.3516 | DN5: -1856.3497 | DO5: -1856.144 | DP5: -0.0037226802 | DQ5: =DO5-DP5 -> -1856.1403 | DR5: ∆E#rev | DS5: =627.5095*(DJ6-DJ4) -> 37.146076 | DT5: =627.5095*(DQ6-DQ4) -> 13.229264 | DU5: =627.5095*(DO6-DO4) -> 13.195437 | DV5: =627.5095*(DN6-DN4) -> 21.125561 | DW5: =627.5095*(DM6-DM4) -> 21.108648 | DX5: =627.5095*(DL6-DL4) -> 17.798211 | DY5: =627.5095*(DK6-DK4) -> 17.764385 | DZ5: =DY5-DU5 -> 4.5689471 | EA5: =DY5-DW5 -> -3.3442638 | EB5: =EA5-T5 -> -0.054531925 | EC5: =DS5-'CCSD(T)'!BV5 -> -0.00033704794 | ED5: =DU5-'CCSD(T)'!BW5 -> -0.034492693 | EE5: =DW5-'CCSD(T)'!BX5 -> -0.089048345 | EF5: =DY5-'CCSD(T)'!BY5 -> -0.00043669876 | EG5: =DY5-'DLPNO-CCSD(T1 or T0)'!CT4 -> -0.1111805 | EH5: =EE5-EC5 -> -0.088711297 | EI5: =EF5-EE5 -> 0.088611646 | EK5: 01_start | EL5: -1852.4497 | EM5: -1856.9424 | EN5: -1856.9283 | EO5: -1856.7636 | EP5: -1856.7566 | EQ5: -1856.548 | ER5: -0.014047594 | ES5: =EQ5-ER5 -> -1856.534 | ET5: ∆E#rev | EU5: =627.5095*(EL6-EL4) -> 34.291579 | EV5: =627.5095*(ES6-ES4) -> 9.5689781 | EW5: =627.5095*(EQ6-EQ4) -> 9.4380228 | EX5: =627.5095*(EP6-EP4) -> 17.558666 | EY5: =627.5095*(EO6-EO4) -> 17.493188 | EZ5: =627.5095*(EN6-EN4) -> 14.118687 | FA5: =627.5095*(EM6-EM4) -> 13.987732 | FB5: =FA5-EW5 -> 4.5497088 | FC5: =FA5-EY5 -> -3.5054567 | FD5: =EU5-'CCSD(T)'!BB5 -> -0.0040419456 | FE5: =EW5-'CCSD(T)'!BC5 -> 0.012873129 | FF5: =EY5-'CCSD(T)'!CH5 -> -0.20763382 | FG5: =FA5-'CCSD(T)'!CI5 -> -0.03498756 | FH5: =FA5-'DLPNO-CCSD(T1 or T0)'!AF4 -> -0.27726867 | FI5: =FF5-FD5 -> -0.20359187 | FJ5: =FG5-FF5 -> 0.17264626 | FL5: 01_start | FM5: -1852.4497 | FN5: -1856.9426 | FO5: -1856.9287 | FP5: -1856.7638 | FQ5: -1856.7568 | FR5: -1856.5483 | FS5: -0.013927731 | FT5: =FR5-FS5 -> -1856.5344 | FU5: ∆E#rev | FV5: =627.5095*(FM6-FM4) -> 34.291579 | FW5: =627.5095*(FT6-FT4) -> 9.5964808 | FX5: =627.5095*(FR6-FR4) -> 9.4597224 | FY5: =627.5095*(FQ6-FQ4) -> 17.574648 | FZ5: =627.5095*(FP6-FP4) -> 17.506269 | GA5: =627.5095*(FO6-FO4) -> 14.135397 | GB5: =627.5095*(FN6-FN4) -> 13.998639 | GC5: =GB5-FX5 -> 4.5389162 | GD5: =GB5-FZ5 -> -3.5076306 | GE5: =LA5-GD5 -> -0.40526999 | GF5: =FV5-'CCSD(T)'!BB5 -> -0.0040419079 | GG5: =FX5-'CCSD(T)'!BC5 -> 0.034572689 | GH5: =FZ5-'CCSD(T)'!BD5 -> -0.194553 | GI5: =GB5-'CCSD(T)'!BE5 -> -0.024080573 | GJ5: =GB5-'DLPNO-CCSD(T1 or T0)'!O4 -> -0.39137099 | GK5: =GH5-GF5 -> -0.19051109 | GL5: =GI5-GH5 -> 0.17047243 | GN5: 01_start | GO5: -1852.4497 | GP5: -1856.9432 | GQ5: -1856.904 | GR5: -1856.7597 | GS5: -1856.7401 | GT5: -1856.5464 | GU5: -0.039246398 | GV5: =GT5-GU5 -> -1856.5072 | GW5: ∆E#rev | GX5: =627.5095*(GO6-GO4) -> 34.291579 | GY5: =627.5095*(GV6-GV4) -> 10.025891 | GZ5: =627.5095*(GT6-GT4) -> 9.4085986 | HA5: =627.5095*(GS6-GS4) -> 17.598785 | HB5: =627.5095*(GR6-GR4) -> 17.290139 | HC5: =627.5095*(GQ6-GQ4) -> 14.477149 | HD5: =627.5095*(GP6-GP4) -> 13.859857 | HE5: =HD5-GZ5 -> 4.4512584 | HF5: =HD5-HB5 -> -3.4302816 | HG5: =GD5-HF5 -> -0.077348911 | HH5: =GX5-'CCSD(T)'!BB5 -> -0.0040419142 | HI5: =GZ5-'CCSD(T)'!BC5 -> -0.016551074 | HJ5: =HB5-'CCSD(T)'!BD5 -> -0.41068345 | HK5: =HD5-'CCSD(T)'!BE5 -> -0.16286211 | HL5: =HD5-'DLPNO-CCSD(T1 or T0)'!CT4 -> -4.015708 | HM5: =HJ5-HH5 -> -0.40664153 | HN5: =HK5-HJ5 -> 0.24782134 | HP5: 01_start | HQ5: -1852.4497 | HR5: -1856.9444 | HS5: -1856.906 | HT5: -1856.7609 | HU5: -1856.7418 | HV5: -1856.548 | HW5: -0.038343102 | HX5: =HV5-HW5 -> -1856.5097 | HY5: ∆E#rev | HZ5: =627.5095*(HQ6-HQ4) -> 34.291579 | IA5: =627.5095*(HX6-HX4) -> 9.9385637 | IB5: =627.5095*(HV6-HV4) -> 9.3350905 | IC5: =627.5095*(HU6-HU4) -> 17.592992 | ID5: =627.5095*(HT6-HT4) -> 17.291255 | IE5: =627.5095*(HS6-HS4) -> 14.448551 | IF5: =627.5095*(HR6-HR4) -> 13.845077 | IG5: =IF5-IB5 -> 4.5099869 | IH5: =IF5-ID5 -> -3.4461775 | II5: =IH5-HF5 -> -0.015895895 | IJ5: =HZ5-'CCSD(T)'!BB5 -> -0.0040419079 | IK5: =IB5-'CCSD(T)'!BC5 -> -0.090059169 | IL5: =ID5-'CCSD(T)'!BD5 -> -0.40956717 | IM5: =IF5-'CCSD(T)'!BE5 -> -0.17764173 | IN5: =IF5-'DLPNO-CCSD(T1 or T0)'!CT4 -> -4.0304876 | IO5: =IL5-IJ5 -> -0.40552526 | IP5: =IM5-IL5 -> 0.23192544 | IR5: 01_start | IS5: -1852.4497 | IT5: -1856.942 | IU5: -1856.9377 | IV5: -1856.7645 | IW5: -1856.7623 | IX5: -1856.5488 | IY5: -0.0043315449 | IZ5: =IX5-IY5 -> -1856.5445 | JA5: ∆E#rev | JB5: =627.5095*(IS6-IS4) -> 34.291579 | JC5: =627.5095*(IZ6-IZ4) -> 9.4848407 | JD5: =627.5095*(IX6-IX4) -> 9.4124458 | JE5: =627.5095*(IW6-IW4) -> 17.653879 | JF5: =627.5095*(IV6-IV4) -> 17.617681 | JG5: =627.5095*(IU6-IU4) -> 14.107944 | JH5: =627.5095*(IT6-IT4) -> 14.035549 | JI5: =JH5-JD5 -> 4.6231031 | JJ5: =JH5-JF5 -> -3.5821323 | JK5: =JJ5-FC5 -> -0.076675624 | JL5: =JB5-'CCSD(T)'!BB5 -> -0.0040419456 | JM5: =JD5-'CCSD(T)'!BC5 -> -0.012703833 | JN5: =JF5-'CCSD(T)'!BD5 -> -0.083140845 | JO5: =JH5-'CCSD(T)'!BE5 -> 0.012829787 | JP5: =JH5-'DLPNO-CCSD(T1 or T0)'!CT4 -> -3.8400161 | JQ5: =JN5-JL5 -> -0.0790989 | JR5: =JO5-JN5 -> 0.095970632 | JT5: -1859.2021 | JU5: -1858.8594 | JV5: -1858.8574 | JX5: 01_start | JY5: -1853.7137 | JZ5: -1859.1142 | KA5: -1859.0916 | KB5: -1858.8551 | KC5: -1858.8438 | KD5: -1858.7119 | KE5: -0.022614304 | KF5: =KD5-KE5 -> -1858.6893 | KG5: -1858.7377 | KH5: -1858.7377 | KI5: -1858.9854 | KJ5: -1.253265 | KK5: -3.7452306 | KL5: =1.2*KK5+(1/3)*KJ5+JY5 -> -1858.6257 | KM5: =1.3*KK5+JY5 -> -1858.5825 | KN5: =627.5095*(JY6-JY4) -> 34.276653 | KO5: =627.5095*(KF6-KF4) -> 9.5276451 | KP5: =627.5095*(KL6-KL4) -> 14.470096 | KQ5: =627.5095*(KM6-KM4) -> 17.17307 | KR5: =627.5095*(KD6-KD4) -> 9.1048555 | KS5: =627.5095*(KC6-KC4) -> 18.034294 | KT5: =627.5095*(KB6-KB4) -> 17.822899 | KU5: =627.5095*(KA6-KA4) -> 14.332788 | KV5: =627.5095*(JZ6-JZ4) -> 13.909999 | KW5: =KV5-KR5 -> 4.8051431 | KX5: =627.5095*(JT6-JT4) -> 14.717801 | KY5: =627.5095*(JU6-JU4) -> 15.74827 | KZ5: =627.5095*(JV6-JV4) -> 15.800275 | LA5: =KV5-KT5 -> -3.9129005 | LB5: =LA5-GD5 -> -0.40526999 | LC5: =KN5-'PNO-LCCSD(T)'!AB4 -> -0.0025632068 | LD5: =KV5-GB5 -> -0.088640053 | LE5: =KX5-KV5 -> 0.80780272 | LF5: =KY5-KX5 -> 1.0304684 | LG5: =AD5 -> 01_start | LH5: =627.5095*(KG6-KG4) -> 18.332098 | LI5: =KS5-LH5 -> -0.2978038 | LJ5: =KT5-LH5 -> -0.5091986 | LK5: =627.5095*(KI6-KI4) -> 14.619682 | LL5: =KU5-LK5 -> -0.28689369 | LM5: =KV5-LK5 -> -0.70968329 | LN5: =AP5-KS5 -> 3.0326583 | LP5: 01_start | LQ5: -1853.7137 | LR5: -1859.114 | LS5: -1859.0912 | LT5: -1858.8548 | LU5: -1858.8434 | LV5: -1858.7116 | LW5: -0.022811084 | LX5: =LV5-LW5 -> -1858.6888 | LY5: ∆E#rev | LZ5: =627.5095*(LQ6-LQ4) -> 34.276654 | MA5: =627.5095*(LX6-LX4) -> 9.528864 | MB5: =627.5095*(LV6-LV4) -> 9.0987487 | MC5: =627.5095*(LU6-LU4) -> 18.033407 | MD5: =627.5095*(LT6-LT4) -> 17.818349 | ME5: =627.5095*(LS6-LS4) -> 14.333727 | MF5: =627.5095*(LR6-LR4) -> 13.903611 | MG5: =MF5-MB5 -> 4.8048627 | MH5: =MF5-MD5 -> -3.9147379 | MJ5: 01_start | MK5: -1853.7137 | ML5: -1859.1145 | MM5: -1859.0548 | MN5: -1858.8496 | MO5: -1858.8197 | MP5: -1858.7094 | MQ5: -0.059770522 | MR5: =MP5-MQ5 -> -1858.6497 | MS5: ∆E#rev | MT5: =627.5095*(MK6-MK4) -> 34.276653 | MU5: =627.5095*(MR6-MR4) -> 10.257404 | MV5: =627.5095*(MP6-MP4) -> 9.1874329 | MW5: =627.5095*(MO6-MO4) -> 18.280411 | MX5: =627.5095*(MN6-MN4) -> 17.745425 | MY5: =627.5095*(MM6-MM4) -> 14.967136 | MZ5: =627.5095*(ML6-ML4) -> 13.897164 | NA5: =MZ5-MV5 -> 4.7097313 | NB5: =MZ5-MX5 -> -3.8482608 | NC5: =LA5-NB5 -> -0.064639791 | NE5: 01_start | NF5: -1853.7137 | NG5: -1859.1161 | NH5: -1859.0571 | NI5: -1858.8512 | NJ5: -1858.8217 | NK5: -1858.7114 | NL5: -0.058956854 | NM5: =NK5-NL5 -> -1858.6524 | NN5: ∆E#rev | NO5: =627.5095*(NF6-NF4) -> 34.276653 | NP5: =627.5095*(NM6-NM4) -> 10.165843 | NQ5: =627.5095*(NK6-NK4) -> 9.1046979 | NR5: =627.5095*(NJ6-NJ4) -> 18.255088 | NS5: =627.5095*(NI6-NI4) -> 17.724515 | NT5: =627.5095*(NH6-NH4) -> 14.897163 | NU5: =627.5095*(NG6-NG4) -> 13.836019 | NV5: =NU5-NQ5 -> 4.7313206 | NW5: =NU5-NS5 -> -3.8884968 | NX5: =NW5-NB5 -> -0.040236091 | NZ5: 01_start | OA5: -1853.773 | OB5: -1859.4786 | OC5: -1859.3949 | OD5: -1859.1836 | OE5: -1859.1418 | OF5: -1859.0986 | OG5: -0.083683719 | OH5: =OF5-OG5 -> -1859.0149 | OI5: ∆E#rev | OJ5: =627.5095*(OA6-OA4) -> 34.392759 | OK5: =627.5095*(OH6-OH4) -> 10.851791 | OL5: =627.5095*(OF6-OF4) -> 9.4917427 | OM5: =627.5095*(OE6-OE4) -> 18.951395 | ON5: =627.5095*(OD6-OD4) -> 18.271371 | OO5: =627.5095*(OC6-OC4) -> 15.626422 | OP5: =627.5095*(OB6-OB4) -> 14.266374 | OQ5: =OP5-OL5 -> 4.7746312 | OR5: =OP5-ON5 -> -4.0049973 | OT5: 01_start | OU5: -1853.773 | OV5: -1859.4753 | OW5: -1859.4424 | OX5: -1859.1907 | OY5: -1859.1742 | OZ5: -1859.1008 | PA5: -0.032821486 | PB5: -1859.068 | PC5: ∆E#rev | PD5: 34.392759 | PE5: 9.9901302 | PF5: 9.3820672 | PG5: 18.609526 | PH5: 18.305495 | PI5: 14.892342 | PJ5: 14.284279 | PK5: 4.9022115 | PL5: -4.0212159 | PO5: =OJ5-MT5 -> 0.11610547 | PP5: =ON5-MX5 -> 0.52594623 | PQ5: =PP5-PO5 -> 0.40984076 | PR5: ='LNO-CCSD(T)-def2nZVP'!LB5 -> -0.40526999 | PS5: =PO$2*PO5+PQ$2*PQ5 -> 0.31957774 | PT5: =PR5*PR$2 -> -0.24618847 | PU5: =-'LNO-CCSD(T)-def2nZVP'!FA5+'CCSD(T)'!CI5 -> 0.03498756 | PV5: ='LNO-CCSD(T)-def2nZVP'!KV5+PS5+PT5+PU5 -> 14.018375 | PX5: 0.11610487 | PY5: 0.48714544 | PZ5: 0.37104057 | QA5: -0.40526999 | QB5: 0.29083679 | QC5: -0.24618847 | QD5: 0.03498756 | QE5: 13.989634 | QF5: =QE5-PV5 -> -0.028740945 | QH5: 01_start | QI5: -1853.7137 | QJ5: -1858.8669 | QK5: -1858.846 | QL5: -1858.6169 | QM5: -1858.6065 | QN5: -1858.4811 | QO5: -0.020928338 | QP5: =QN5-QO5 -> -1858.4601 | QQ5: ∆E#rev | QR5: =627.5095*(QI6-QI4) -> 34.276654 | QS5: =627.5095*(QP6-QP4) -> 11.951789 | QT5: =627.5095*(QN6-QN4) -> 11.568069 | QU5: =627.5095*(QM6-QM4) -> 19.633547 | QV5: =627.5095*(QL6-QL4) -> 19.441687 | QW5: =627.5095*(QK6-QK4) -> 16.105316 | QX5: =627.5095*(QJ6-QJ4) -> 15.721595 | QY5: =QX5-QT5 -> 4.1535266 | QZ5: =QX5-QV5 -> -3.7200919 | RB5: 01_start | RC5: -1853.773 | RD5: -1859.1776 | RE5: -1859.1471 | RF5: -1858.9061 | RG5: -1858.8908 | RH5: -1858.8272 | RI5: -0.030504702 | RJ5: =RH5-RI5 -> -1858.7967 | RK5: ∆E#rev | RL5: =627.5095*(RC6-RC4) -> 34.392759 | RM5: =627.5095*(RJ6-RJ4) -> 12.212377 | RN5: =627.5095*(RH6-RH4) -> 11.695265 | RO5: =627.5095*(RG6-RG4) -> 19.959448 | RP5: =627.5095*(RF6-RF4) -> 19.700892 | RQ5: =627.5095*(RE6-RE4) -> 16.411416 | RR5: =627.5095*(RD6-RD4) -> 15.894304 | RS5: =RR5-RN5 -> 4.1990393 | RT5: =RR5-RP5 -> -3.8065875
A6: 10.63 | C6: 01_ts | D6: -1852.2668 | E6: -1856.4653 | F6: -1856.4522 | G6: -1856.2978 | H6: -1856.2913 | I6: -1856.0982 | J6: -1856.0852 | K6: ∆Ereac | L6: =627.5095*(D4-D5) -> 6.741893 | M6: =627.5095*(J4-J5) -> 14.797812 | N6: =627.5095*(I4-I5) -> 15.049972 | O6: =627.5095*(H4-H5) -> 12.151859 | P6: =627.5095*(G4-G5) -> 12.277939 | Q6: =627.5095*(F4-F5) -> 13.045976 | R6: =627.5095*(E4-E5) -> 13.298137 | S6: =R6-N6 -> -1.7518356 | T6: =R6-P6 -> 1.0201975 | V6: =L6-'CCSD(T)'!BV6 -> -0.0011641431 | W6: =N6-'CCSD(T)'!BW6 -> -0.036291666 | X6: =P6-'CCSD(T)'!BX6 -> 0.049197788 | Y6: =R6-'CCSD(T)'!BY6 -> 0.028321537 | Z6: =R6-'DLPNO-CCSD(T1 or T0)'!CT5 -> 0.050812337 | AA6: =X6-V6 -> 0.050361932 | AB6: =Y6-X6 -> -0.020876252 | AD6: 01_ts | AE6: -1852.2668 | AF6: -1856.4655 | AG6: -1856.4525 | AH6: -1856.298 | AI6: -1856.2915 | AJ6: -1856.0985 | AK6: -1856.0855 | AL6: ∆Ereac | AM6: =627.5095*(AE4-AE5) -> 6.741893 | AN6: =627.5095*(AK4-AK5) -> 14.772585 | AO6: =627.5095*(AJ4-AJ5) -> 15.039424 | AP6: =627.5095*(AI4-AI5) -> 12.136352 | AQ6: =627.5095*(AH4-AH5) -> 12.269772 | AR6: =627.5095*(AG4-AG5) -> 13.024157 | AS6: =627.5095*(AF4-AF5) -> 13.290996 | AT6: =AS6-AO6 -> -1.7484281 | AU6: =AS6-AQ6 -> 1.0212248 | AW6: =AM6-'CCSD(T)'!BV6 -> -0.0011641431 | AX6: =AO6-'CCSD(T)'!BW6 -> -0.046839329 | AY6: =AQ6-'CCSD(T)'!BX6 -> 0.041030413 | AZ6: =AS6-'CCSD(T)'!BY6 -> 0.021181382 | BA6: =AS6-'DLPNO-CCSD(T1 or T0)'!CT5 -> 0.043672183 | BB6: =AY6-AW6 -> 0.042194557 | BC6: =AZ6-AY6 -> -0.019849031 | BE6: 01_ts | BF6: -1852.2668 | BG6: -1856.4662 | BH6: -1856.4307 | BI6: -1856.2945 | BJ6: -1856.2767 | BK6: -1856.0969 | BL6: -0.035542678 | BM6: =BK6-BL6 -> -1856.0614 | BN6: ∆Ereac | BO6: =627.5095*(BF4-BF5) -> 6.741893 | BP6: =627.5095*(BM4-BM5) -> 14.10507 | BQ6: =627.5095*(BK4-BK5) -> 14.939859 | BR6: =627.5095*(BJ4-BJ5) -> 11.796619 | BS6: =627.5095*(BI4-BI5) -> 12.214014 | BT6: =627.5095*(BH4-BH5) -> 12.503187 | BU6: =627.5095*(BG4-BG5) -> 13.337976 | BV6: =BU6-BQ6 -> -1.6018831 | BW6: =BU6-BS6 -> 1.1239621 | BX6: =AU6-BW6 -> -0.10273734 | BY6: =BO6-'CCSD(T)'!BV6 -> -0.0011641305 | BZ6: =BQ6-'CCSD(T)'!BW6 -> -0.14640509 | CA6: =BS6-'CCSD(T)'!BX6 -> -0.01472769 | CB6: =BU6-'CCSD(T)'!BY6 -> 0.068160621 | CC6: =BU6-'DLPNO-CCSD(T1 or T0)'!CT5 -> 0.090651422 | CD6: =CA6-BY6 -> -0.013563559 | CE6: =CB6-CA6 -> 0.082888311 | CG6: 01_ts | CH6: -1852.2668 | CI6: -1856.4672 | CJ6: -1856.4324 | CK6: -1856.2956 | CL6: -1856.2782 | CM6: -1856.0984 | CN6: -0.034784324 | CO6: =CM6-CN6 -> -1856.0636 | CP6: ∆Ereac | CQ6: =627.5095*(CH4-CH5) -> 6.741893 | CR6: =627.5095*(CO4-CO5) -> 14.306223 | CS6: =627.5095*(CM4-CM5) -> 15.017875 | CT6: =627.5095*(CL4-CL5) -> 11.891336 | CU6: =627.5095*(CK4-CK5) -> 12.247162 | CV6: =627.5095*(CJ4-CJ5) -> 12.620447 | CW6: =627.5095*(CI4-CI5) -> 13.332099 | CX6: =CW6-CS6 -> -1.6857761 | CY6: =CW6-CU6 -> 1.0849372 | CZ6: =CY6-BW6 -> -0.03902491 | DA6: =CQ6-'CCSD(T)'!BV6 -> -0.0011641431 | DB6: =CS6-'CCSD(T)'!BW6 -> -0.068388545 | DC6: =CU6-'CCSD(T)'!BX6 -> 0.018420819 | DD6: =CW6-'CCSD(T)'!BY6 -> 0.062284221 | DE6: =CW6-'DLPNO-CCSD(T1 or T0)'!CT5 -> 0.084775021 | DF6: =DC6-DA6 -> 0.019584962 | DG6: =DD6-DC6 -> 0.043863402 | DI6: 01_ts | DJ6: -1852.2668 | DK6: -1856.4643 | DL6: -1856.4606 | DM6: -1856.2984 | DN6: -1856.2965 | DO6: -1856.0989 | DP6: -0.0037260793 | DQ6: =DO6-DP6 -> -1856.0952 | DR6: ∆Ereac | DS6: =627.5095*(DJ4-DJ5) -> 6.741893 | DT6: =627.5095*(DQ4-DQ5) -> 15.086261 | DU6: =627.5095*(DO4-DO5) -> 15.117954 | DV6: =627.5095*(DN4-DN5) -> 12.249215 | DW6: =627.5095*(DM4-DM5) -> 12.265062 | DX6: =627.5095*(DL4-DL5) -> 13.215769 | DY6: =627.5095*(DK4-DK5) -> 13.247463 | DZ6: =DY6-DU6 -> -1.8704912 | EA6: =DY6-DW6 -> 0.98240094 | EB6: =EA6-T6 -> -0.037796598 | EC6: =DS6-'CCSD(T)'!BV6 -> -0.0011641494 | ED6: =DU6-'CCSD(T)'!BW6 -> 0.031689996 | EE6: =DW6-'CCSD(T)'!BX6 -> 0.036320434 | EF6: =DY6-'CCSD(T)'!BY6 -> -0.022352415 | EG6: =DY6-'DLPNO-CCSD(T1 or T0)'!CT5 -> 0.00013838464 | EH6: =EE6-EC6 -> 0.037484583 | EI6: =EF6-EE6 -> -0.058672849 | EK6: 01_ts | EL6: -1852.3843 | EM6: -1856.8993 | EN6: -1856.8854 | EO6: -1856.7166 | EP6: -1856.7097 | EQ6: -1856.5091 | ER6: -0.013888228 | ES6: =EQ6-ER6 -> -1856.4952 | ET6: ∆Ereac | EU6: =627.5095*(EL4-EL5) -> 6.6941564 | EV6: =627.5095*(ES4-ES5) -> 14.745916 | EW6: =627.5095*(EQ4-EQ5) -> 14.976875 | EX6: =627.5095*(EP4-EP5) -> 11.851145 | EY6: =627.5095*(EO4-EO5) -> 11.966624 | EZ6: =627.5095*(EN4-EN5) -> 12.829593 | FA6: =627.5095*(EM4-EM5) -> 13.060552 | FB6: =FA6-EW6 -> -1.9163225 | FC6: =FA6-EY6 -> 1.093928 | FD6: =EU6-'CCSD(T)'!BB6 -> 0.0011531869 | FE6: =EW6-'CCSD(T)'!BC6 -> -0.018541516 | FF6: =EY6-'CCSD(T)'!CH6 -> 0.072735392 | FG6: =FA6-'CCSD(T)'!CI6 -> 0.019839266 | FH6: =FA6-'DLPNO-CCSD(T1 or T0)'!AF5 -> 0.13942928 | FI6: =FF6-FD6 -> 0.071582205 | FJ6: =FG6-FF6 -> -0.052896126 | FL6: 01_ts | FM6: -1852.3843 | FN6: -1856.8995 | FO6: -1856.8857 | FP6: -1856.7168 | FQ6: -1856.7099 | FR6: -1856.5094 | FS6: -0.013785011 | FT6: =FR6-FS6 -> -1856.4956 | FU6: ∆Ereac | FV6: =627.5095*(FM4-FM5) -> 6.6941564 | FW6: =627.5095*(FT4-FT5) -> 14.743083 | FX6: =627.5095*(FR4-FR5) -> 14.969399 | FY6: =627.5095*(FQ4-FQ5) -> 11.845544 | FZ6: =627.5095*(FP4-FP5) -> 11.958702 | GA6: =627.5095*(FO4-FO5) -> 12.832056 | GB6: =627.5095*(FN4-FN5) -> 13.058372 | GC6: =GB6-FX6 -> -1.9110268 | GD6: =GB6-FZ6 -> 1.0996699 | GE6: =LA6-GD6 -> 0.028256916 | GF6: =FV6-'CCSD(T)'!BB6 -> 0.0011531367 | GG6: =FX6-'CCSD(T)'!BC6 -> -0.026017112 | GH6: =FZ6-'CCSD(T)'!BD6 -> 0.06481365 | GI6: =GB6-'CCSD(T)'!BE6 -> 0.017659367 | GJ6: =GB6-'DLPNO-CCSD(T1 or T0)'!O5 -> 0.07034871 | GK6: =GH6-GF6 -> 0.063660513 | GL6: =GI6-GH6 -> -0.047154282 | GN6: 01_ts | GO6: -1852.3843 | GP6: -1856.9003 | GQ6: -1856.8614 | GR6: -1856.7132 | GS6: -1856.6938 | GT6: -1856.5078 | GU6: -0.038854907 | GV6: =GT6-GU6 -> -1856.4689 | GW6: ∆Ereac | GX6: =627.5095*(GO4-GO5) -> 6.6941564 | GY6: =627.5095*(GV4-GV5) -> 14.001235 | GZ6: =627.5095*(GT4-GT5) -> 14.864192 | HA6: =627.5095*(GS4-GS5) -> 11.463629 | HB6: =627.5095*(GR4-GR5) -> 11.895107 | HC6: =627.5095*(GQ4-GQ5) -> 12.232734 | HD6: =627.5095*(GP4-GP5) -> 13.095691 | HE6: =HD6-GZ6 -> -1.7685006 | HF6: =HD6-HB6 -> 1.2005835 | HG6: =GD6-HF6 -> -0.10091367 | HH6: =GX6-'CCSD(T)'!BB6 -> 0.0011531492 | HI6: =GZ6-'CCSD(T)'!BC6 -> -0.13122457 | HJ6: =HB6-'CCSD(T)'!BD6 -> 0.0012187872 | HK6: =HD6-'CCSD(T)'!BE6 -> 0.054978179 | HL6: =HD6-'DLPNO-CCSD(T1 or T0)'!CT5 -> -0.15163321 | HM6: =HJ6-HH6 -> 6.563797e-05 | HN6: =HK6-HJ6 -> 0.053759392 | HP6: 01_ts | HQ6: -1852.3843 | HR6: -1856.9013 | HS6: -1856.8633 | HT6: -1856.7143 | HU6: -1856.6953 | HV6: -1856.5093 | HW6: -0.038074372 | HX6: =HV6-HW6 -> -1856.4712 | HY6: ∆Ereac | HZ6: =627.5095*(HQ4-HQ5) -> 6.6941564 | IA6: =627.5095*(HX4-HX5) -> 14.194639 | IB6: =627.5095*(HV4-HV5) -> 14.966743 | IC6: =627.5095*(HU4-HU5) -> 11.561431 | ID6: =627.5095*(HT4-HT5) -> 11.947483 | IE6: =627.5095*(HS4-HS5) -> 12.374437 | IF6: =627.5095*(HR4-HR5) -> 13.146542 | IG6: =IF6-IB6 -> -1.8202019 | IH6: =IF6-ID6 -> 1.1990581 | II6: =IH6-HF6 -> -0.0015254442 | IJ6: =HZ6-'CCSD(T)'!BB6 -> 0.001153143 | IK6: =IB6-'CCSD(T)'!BC6 -> -0.028672645 | IL6: =ID6-'CCSD(T)'!BD6 -> 0.053594778 | IM6: =IF6-'CCSD(T)'!BE6 -> 0.10582873 | IN6: =IF6-'DLPNO-CCSD(T1 or T0)'!CT5 -> -0.10078266 | IO6: =IL6-IJ6 -> 0.052441635 | IP6: =IM6-IL6 -> 0.052233948 | IR6: 01_ts | IS6: -1852.3843 | IT6: -1856.8989 | IU6: -1856.8946 | IV6: -1856.7174 | IW6: -1856.7153 | IX6: -1856.5099 | IY6: -0.0043333001 | IZ6: =IX6-IY6 -> -1856.5055 | JA6: ∆Ereac | JB6: =627.5095*(IS4-IS5) -> 6.6941564 | JC6: =627.5095*(IZ4-IZ5) -> 14.940986 | JD6: =627.5095*(IX4-IX5) -> 15.012279 | JE6: =627.5095*(IW4-IW5) -> 11.884757 | JF6: =627.5095*(IV4-IV5) -> 11.920404 | JG6: =627.5095*(IU4-IU5) -> 12.930994 | JH6: =627.5095*(IT4-IT5) -> 13.002288 | JI6: =JH6-JD6 -> -2.0099919 | JJ6: =JH6-JF6 -> 1.0818834 | JK6: =JJ6-FC6 -> -0.01204458 | JL6: =JB6-'CCSD(T)'!BB6 -> 0.0011531806 | JM6: =JD6-'CCSD(T)'!BC6 -> 0.016863379 | JN6: =JF6-'CCSD(T)'!BD6 -> 0.026515484 | JO6: =JH6-'CCSD(T)'!BE6 -> -0.038425223 | JP6: =JH6-'DLPNO-CCSD(T1 or T0)'!CT5 -> -0.24503661 | JQ6: =JN6-JL6 -> 0.025362303 | JR6: =JO6-JN6 -> -0.064940707 | JT6: -1859.1598 | JU6: -1858.8139 | JV6: -1858.8118 | JX6: 01_ts | JY6: -1853.6481 | JZ6: -1859.0716 | KA6: -1859.0488 | KB6: -1858.808 | KC6: -1858.7967 | KD6: -1858.6738 | KE6: -0.02274912 | KF6: =KD6-KE6 -> -1858.6511 | KG6: -1858.6905 | KH6: -1858.6905 | KI6: -1858.9425 | KJ6: -1.2661176 | KK6: -3.7599875 | KL6: =1.2*KK6+(1/3)*KJ6+JY6 -> -1858.5821 | KM6: =1.3*KK6+JY6 -> -1858.5361 | KN6: =627.5095*(JY4-JY5) -> 6.8732564 | KO6: =627.5095*(KF4-KF5) -> 14.445598 | KP6: =627.5095*(KL4-KL5) -> 12.879358 | KQ6: =627.5095*(KM4-KM5) -> 11.938758 | KR6: =627.5095*(KD4-KD5) -> 14.783789 | KS6: =627.5095*(KC4-KC5) -> 11.542751 | KT6: =627.5095*(KB4-KB5) -> 11.711846 | KU6: =627.5095*(KA4-KA5) -> 12.501582 | KV6: =627.5095*(JZ4-JZ5) -> 12.839773 | KW6: =KV6-KR6 -> -1.9440161 | KX6: =627.5095*(JT4-JT5) -> 11.829679 | KY6: =627.5095*(JU4-JU5) -> 12.788264 | KZ6: =627.5095*(JV4-JV5) -> 12.823243 | LA6: =KV6-KT6 -> 1.1279268 | LB6: =LA6-GD6 -> 0.028256916 | LC6: =KN6-'PNO-LCCSD(T)'!AB5 -> -0.0013132582 | LD6: =KV6-GB6 -> -0.21859913 | LE6: =KX6-KV6 -> -1.0100945 | LF6: =KY6-KX6 -> 0.95858557 | LG6: =AD6 -> 01_ts | LH6: =627.5095*(KG4-KG5) -> 11.267057 | LI6: =KS6-LH6 -> 0.27569338 | LJ6: =KT6-LH6 -> 0.44478894 | LK6: =627.5095*(KI4-KI5) -> 12.258376 | LL6: =KU6-LK6 -> 0.24320581 | LM6: =KV6-LK6 -> 0.58139692 | LN6: =AP6-KS6 -> 0.59360141 | LP6: 01_ts | LQ6: -1853.6481 | LR6: -1859.0713 | LS6: -1859.0484 | LT6: -1858.8078 | LU6: -1858.7963 | LV6: -1858.6735 | LW6: -0.022945614 | LX6: =LV6-LW6 -> -1858.6506 | LY6: ∆Ereac | LZ6: =627.5095*(LQ4-LQ5) -> 6.873256 | MA6: =627.5095*(LX4-LX5) -> 14.448427 | MB6: =627.5095*(LV4-LV5) -> 14.794123 | MC6: =627.5095*(LU4-LU5) -> 11.545447 | MD6: =627.5095*(LT4-LT5) -> 11.718295 | ME6: =627.5095*(LS4-LS5) -> 12.502651 | MF6: =627.5095*(LR4-LR5) -> 12.848348 | MG6: =MF6-MB6 -> -1.9457755 | MH6: =MF6-MD6 -> 1.1300529 | MJ6: 01_ts | MK6: -1853.6481 | ML6: -1859.0719 | MM6: -1859.0121 | MN6: -1858.8028 | MO6: -1858.7729 | MP6: -1858.6714 | MQ6: -0.059780327 | MR6: =MP6-MQ6 -> -1858.6117 | MS6: ∆Ereac | MT6: =627.5095*(MK4-MK5) -> 6.8732564 | MU6: =627.5095*(MR4-MR5) -> 13.585617 | MV6: =627.5095*(MP4-MP5) -> 14.649436 | MW6: =627.5095*(MO4-MO5) -> 11.063812 | MX6: =627.5095*(MN4-MN5) -> 11.595722 | MY6: =627.5095*(MM4-MM5) -> 11.805104 | MZ6: =627.5095*(ML4-ML5) -> 12.868923 | NA6: =MZ6-MV6 -> -1.7805132 | NB6: =MZ6-MX6 -> 1.2732012 | NC6: =LA6-NB6 -> -0.1452744 | NE6: 01_ts | NF6: -1853.6481 | NG6: -1859.0734 | NH6: -1859.0144 | NI6: -1858.8043 | NJ6: -1858.7748 | NK6: -1858.6734 | NL6: -0.058951271 | NM6: =NK6-NL6 -> -1858.6144 | NN6: ∆Ereac | NO6: =627.5095*(NF4-NF5) -> 6.8732564 | NP6: =627.5095*(NM4-NM5) -> 13.70782 | NQ6: =627.5095*(NK4-NK5) -> 14.772468 | NR6: =627.5095*(NJ4-NJ5) -> 11.145506 | NS6: =627.5095*(NI4-NI5) -> 11.677829 | NT6: =627.5095*(NH4-NH5) -> 11.90926 | NU6: =627.5095*(NG4-NG5) -> 12.973907 | NV6: =NU6-NQ6 -> -1.79856 | NW6: =NU6-NS6 -> 1.296078 | NX6: =NW6-NB6 -> 0.022876831 | NZ6: 01_ts | OA6: -1853.7073 | OB6: -1859.4369 | OC6: -1859.3527 | OD6: -1859.1375 | OE6: -1859.0954 | OF6: -1859.0615 | OG6: -0.08421833 | OH6: =OF6-OG6 -> -1858.9773 | OI6: ∆Ereac | OJ6: =627.5095*(OA4-OA5) -> 6.7870039 | OK6: =627.5095*(OH4-OH5) -> 12.724414 | OL6: =627.5095*(OF4-OF5) -> 13.748988 | OM6: =627.5095*(OE4-OE5) -> 10.133552 | ON6: =627.5095*(OD4-OD5) -> 10.645839 | OO6: =627.5095*(OC4-OC5) -> 10.848508 | OP6: =627.5095*(OB4-OB5) -> 11.873082 | OQ6: =OP6-OL6 -> -1.8759059 | OR6: =OP6-ON6 -> 1.2272431 | OT6: 01_ts | OU6: -1853.7073 | OV6: -1859.4336 | OW6: -1859.4004 | OX6: -1859.1443 | OY6: -1859.1278 | OZ6: -1859.0637 | PA6: -0.033132645 | PB6: -1859.0306 | PC6: ∆Ereac | PD6: 6.7870033 | PE6: 13.477153 | PF6: 13.889961 | PG6: 10.548757 | PH6: 10.755161 | PI6: 11.474888 | PJ6: 11.887696 | PK6: -2.0022648 | PL6: 1.1325347 | PO6: =OJ6-MT6 -> -0.086252492 | PP6: =ON6-MX6 -> -0.94988234 | PQ6: =PP6-PO6 -> -0.86362985 | PR6: ='LNO-CCSD(T)-def2nZVP'!LB6 -> 0.028256916 | PS6: =PO$2*PO6+PQ$2*PQ6 -> -0.65160564 | PT6: =PR6*PR$2 -> 0.017165166 | PU6: =-'LNO-CCSD(T)-def2nZVP'!FA6+'CCSD(T)'!CI6 -> -0.019839266 | PV6: ='LNO-CCSD(T)-def2nZVP'!KV6+PS6+PT6+PU6 -> 12.185493 | PX6: -0.086252668 | PY6: -0.96313378 | PZ6: -0.87688111 | QA6: 0.028256916 | QB6: -0.66142141 | QC6: 0.017165166 | QD6: -0.019839266 | QE6: 12.175678 | QF6: =QE6-PV6 -> -0.0098157669 | QH6: 01_ts | QI6: -1853.6481 | QJ6: -1858.821 | QK6: -1858.8 | QL6: -1858.5669 | QM6: -1858.5564 | QN6: -1858.4388 | QO6: -0.021034684 | QP6: =QN6-QO6 -> -1858.4178 | QQ6: ∆Ereac | QR6: =627.5095*(QI4-QI5) -> 6.873256 | QS6: =627.5095*(QP4-QP5) -> 14.639573 | QT6: =627.5095*(QN4-QN5) -> 14.956561 | QU6: =627.5095*(QM4-QM5) -> 11.784821 | QV6: =627.5095*(QL4-QL5) -> 11.943315 | QW6: =627.5095*(QK4-QK5) -> 12.787386 | QX6: =627.5095*(QJ4-QJ5) -> 13.104373 | QY6: =QX6-QT6 -> -1.8521874 | QZ6: =QX6-QV6 -> 1.1610587 | RB6: 01_ts | RC6: -1853.7073 | RD6: -1859.1318 | RE6: -1859.1011 | RF6: -1858.856 | RG6: -1858.8407 | RH6: -1858.785 | RI6: -0.03073094 | RJ6: =RH6-RI6 -> -1858.7543 | RK6: ∆Ereac | RL6: =627.5095*(RC4-RC5) -> 6.7870037 | RM6: =627.5095*(RJ4-RJ5) -> 14.362819 | RN6: =627.5095*(RH4-RH5) -> 14.737964 | RO6: =627.5095*(RG4-RG5) -> 11.502833 | RP6: =627.5095*(RF4-RF5) -> 11.690406 | RQ6: =627.5095*(RE4-RE5) -> 12.490201 | RR6: =627.5095*(RD4-RD5) -> 12.865346 | RS6: =RR6-RN6 -> -1.8726186 | RT6: =RR6-RP6 -> 1.1749399
A7: 5.58 | C7: 02_end | D7: -1683.8369 | E7: -1687.412 | F7: -1687.4023 | G7: -1687.2831 | H7: -1687.2782 | I7: -1687.0671 | J7: -1687.0575 | K7: ∆E#fwd | L7: =627.5095*(D9-D8) -> 10.672393 | M7: =627.5095*(J9-J8) -> 5.409846 | N7: =627.5095*(I9-I8) -> 5.4418083 | O7: =627.5095*(H9-H8) -> 7.2536528 | P7: =627.5095*(G9-G8) -> 7.2696339 | Q7: =627.5095*(F9-F8) -> 6.6026661 | R7: =627.5095*(E9-E8) -> 6.6346284 | S7: =R7-N7 -> 1.1928201 | T7: =R7-P7 -> -0.63500552 | V7: =L7-'CCSD(T)'!BV7 -> 0.0020611429 | W7: =N7-'CCSD(T)'!BW7 -> -0.051695506 | X7: =P7-'CCSD(T)'!BX7 -> -0.068800719 | Y7: =R7-'CCSD(T)'!BY7 -> -0.057717465 | Z7: =R7-'DLPNO-CCSD(T1 or T0)'!CT6 -> -0.025023228 | AA7: =X7-V7 -> -0.070861862 | AB7: =Y7-X7 -> 0.011083254 | AD7: 02_end | AE7: -1683.8369 | AF7: -1687.4122 | AG7: -1687.4027 | AH7: -1687.2833 | AI7: -1687.2785 | AJ7: -1687.0674 | AK7: -1687.0579 | AL7: ∆E#fwd | AM7: =627.5095*(AE9-AE8) -> 10.672393 | AN7: =627.5095*(AK9-AK8) -> 5.397626 | AO7: =627.5095*(AJ9-AJ8) -> 5.4207813 | AP7: =627.5095*(AI9-AI8) -> 7.2390772 | AQ7: =627.5095*(AH9-AH8) -> 7.2506549 | AR7: =627.5095*(AG9-AG8) -> 6.5852937 | AS7: =627.5095*(AF9-AF8) -> 6.608449 | AT7: =AS7-AO7 -> 1.1876677 | AU7: =AS7-AQ7 -> -0.64220587 | AW7: =AM7-'CCSD(T)'!BV7 -> 0.0020611429 | AX7: =AO7-'CCSD(T)'!BW7 -> -0.072722484 | AY7: =AQ7-'CCSD(T)'!BX7 -> -0.087779788 | AZ7: =AS7-'CCSD(T)'!BY7 -> -0.083896879 | BA7: =AS7-'DLPNO-CCSD(T1 or T0)'!CT6 -> -0.051202642 | BB7: =AY7-AW7 -> -0.089840931 | BC7: =AZ7-AY7 -> 0.003882909 | BE7: 02_end | BF7: -1683.8369 | BG7: -1687.4117 | BH7: -1687.386 | BI7: -1687.2799 | BJ7: -1687.2671 | BK7: -1687.066 | BL7: -0.02571297 | BM7: =BK7-BL7 -> -1687.0403 | BN7: ∆E#fwd | BO7: =627.5095*(BF9-BF8) -> 10.672393 | BP7: =627.5095*(BM9-BM8) -> 5.5290475 | BQ7: =627.5095*(BK9-BK8) -> 5.5619075 | BR7: =627.5095*(BJ9-BJ8) -> 7.2969545 | BS7: =627.5095*(BI9-BI8) -> 7.3133845 | BT7: =627.5095*(BH9-BH8) -> 6.7124594 | BU7: =627.5095*(BG9-BG8) -> 6.7453194 | BV7: =BU7-BQ7 -> 1.1834119 | BW7: =BU7-BS7 -> -0.56806509 | BX7: =AU7-BW7 -> -0.074140781 | BY7: =BO7-'CCSD(T)'!BV7 -> 0.0020611429 | BZ7: =BQ7-'CCSD(T)'!BW7 -> 0.068403732 | CA7: =BS7-'CCSD(T)'!BX7 -> -0.025050129 | CB7: =BU7-'CCSD(T)'!BY7 -> 0.052973561 | CC7: =BU7-'DLPNO-CCSD(T1 or T0)'!CT6 -> 0.085667798 | CD7: =CA7-BY7 -> -0.027111272 | CE7: =CB7-CA7 -> 0.07802369 | CG7: 02_end | CH7: -1683.8369 | CI7: -1687.4125 | CJ7: -1687.3877 | CK7: -1687.281 | CL7: -1687.2685 | CM7: -1687.0671 | CN7: -0.024859853 | CO7: =CM7-CN7 -> -1687.0422 | CP7: ∆E#fwd | CQ7: =627.5095*(CH9-CH8) -> 10.672393 | CR7: =627.5095*(CO9-CO8) -> 5.5581752 | CS7: =627.5095*(CM9-CM8) -> 5.5461573 | CT7: =627.5095*(CL9-CL8) -> 7.3405394 | CU7: =627.5095*(CK9-CK8) -> 7.3345305 | CV7: =627.5095*(CJ9-CJ8) -> 6.7608102 | CW7: =627.5095*(CI9-CI8) -> 6.7487923 | CX7: =CW7-CS7 -> 1.202635 | CY7: =CW7-CU7 -> -0.58573816 | CZ7: =CY7-BW7 -> -0.017673071 | DA7: =CQ7-'CCSD(T)'!BV7 -> 0.0020611429 | DB7: =CS7-'CCSD(T)'!BW7 -> 0.052653538 | DC7: =CU7-'CCSD(T)'!BX7 -> -0.0039041697 | DD7: =CW7-'CCSD(T)'!BY7 -> 0.056446449 | DE7: =CW7-'DLPNO-CCSD(T1 or T0)'!CT6 -> 0.089140686 | DF7: =DC7-DA7 -> -0.0059653126 | DG7: =DD7-DC7 -> 0.060350619 | DI7: 02_end | DJ7: -1683.8369 | DK7: -1687.4114 | DL7: -1687.4088 | DM7: -1687.2838 | DN7: -1687.2825 | DO7: -1687.0677 | DP7: -0.0026342377 | DQ7: =DO7-DP7 -> -1687.0651 | DR7: ∆E#fwd | DS7: =627.5095*(DJ9-DJ8) -> 10.672393 | DT7: =627.5095*(DQ9-DQ8) -> 5.4607507 | DU7: =627.5095*(DO9-DO8) -> 5.4606237 | DV7: =627.5095*(DN9-DN8) -> 7.3251269 | DW7: =627.5095*(DM9-DM8) -> 7.3250633 | DX7: =627.5095*(DL9-DL8) -> 6.6748461 | DY7: =627.5095*(DK9-DK8) -> 6.6747191 | DZ7: =DY7-DU7 -> 1.2140954 | EA7: =DY7-DW7 -> -0.65034424 | EB7: =EA7-T7 -> -0.015338717 | EC7: =DS7-'CCSD(T)'!BV7 -> 0.0020610801 | ED7: =DU7-'CCSD(T)'!BW7 -> -0.032880111 | EE7: =DW7-'CCSD(T)'!BX7 -> -0.013371311 | EF7: =DY7-'CCSD(T)'!BY7 -> -0.017626774 | EG7: =DY7-'DLPNO-CCSD(T1 or T0)'!CT6 -> 0.015067463 | EH7: =EE7-EC7 -> -0.015432392 | EI7: =EF7-EE7 -> -0.0042554626 | EK7: 02_end | EL7: -1683.9452 | EM7: -1687.828 | EN7: -1687.8177 | EO7: -1687.685 | EP7: -1687.6798 | EQ7: -1687.4604 | ER7: -0.010308536 | ES7: =EQ7-ER7 -> -1687.4501 | ET7: ∆E#fwd | EU7: =627.5095*(EL9-EL8) -> 10.405109 | EV7: =627.5095*(ES9-ES8) -> 4.2624036 | EW7: =627.5095*(EQ9-EQ8) -> 4.2630243 | EX7: =627.5095*(EP9-EP8) -> 6.3310531 | EY7: =627.5095*(EO9-EO8) -> 6.3313635 | EZ7: =627.5095*(EN9-EN8) -> 5.6088104 | FA7: =627.5095*(EM9-EM8) -> 5.6094311 | FB7: =FA7-EW7 -> 1.3464068 | FC7: =FA7-EY7 -> -0.72193239 | FD7: =EU7-'CCSD(T)'!BB7 -> -0.0011559101 | FE7: =EW7-'CCSD(T)'!BC7 -> -0.0084965446 | FF7: =EY7-'CCSD(T)'!CH7 -> -0.031579629 | FG7: =FA7-'CCSD(T)'!CI7 -> -0.018942495 | FH7: =FA7-'DLPNO-CCSD(T1 or T0)'!AF6 -> 0.029685021 | FI7: =FF7-FD7 -> -0.030423719 | FJ7: =FG7-FF7 -> 0.012637134 | FL7: 02_end | FM7: -1683.9452 | FN7: -1687.8282 | FO7: -1687.8181 | FP7: -1687.6852 | FQ7: -1687.6802 | FR7: -1687.4606 | FS7: -0.010081315 | FT7: =FR7-FS7 -> -1687.4505 | FU7: ∆E#fwd | FV7: =627.5095*(FM9-FM8) -> 10.405109 | FW7: =627.5095*(FT9-FT8) -> 4.2459403 | FX7: =627.5095*(FR9-FR8) -> 4.2423656 | FY7: =627.5095*(FQ9-FQ8) -> 6.3222117 | FZ7: =627.5095*(FP9-FP8) -> 6.3204243 | GA7: =627.5095*(FO9-FO8) -> 5.5991388 | GB7: =627.5095*(FN9-FN8) -> 5.5955641 | GC7: =GB7-FX7 -> 1.3531985 | GD7: =GB7-FZ7 -> -0.72486022 | GE7: =LA7-GD7 -> -0.15396025 | GF7: =FV7-'CCSD(T)'!BB7 -> -0.0011558912 | GG7: =FX7-'CCSD(T)'!BC7 -> -0.029155212 | GH7: =FZ7-'CCSD(T)'!BD7 -> -0.04251877 | GI7: =GB7-'CCSD(T)'!BE7 -> -0.03280947 | GJ7: =GB7-'DLPNO-CCSD(T1 or T0)'!O6 -> 0.31063519 | GK7: =GH7-GF7 -> -0.041362878 | GL7: =GI7-GH7 -> 0.0097093 | GN7: 02_end | GO7: -1683.9452 | GP7: -1687.8277 | GQ7: -1687.7991 | GR7: -1687.6816 | GS7: -1687.6673 | GT7: -1687.459 | GU7: -0.028567396 | GV7: =GT7-GU7 -> -1687.4304 | GW7: ∆E#fwd | GX7: =627.5095*(GO9-GO8) -> 10.405109 | GY7: =627.5095*(GV9-GV8) -> 4.3663906 | GZ7: =627.5095*(GT9-GT8) -> 4.3436513 | HA7: =627.5095*(GS9-GS8) -> 6.374688 | HB7: =627.5095*(GR9-GR8) -> 6.3633183 | HC7: =627.5095*(GQ9-GQ8) -> 5.7113696 | HD7: =627.5095*(GP9-GP8) -> 5.6886302 | HE7: =HD7-GZ7 -> 1.3449789 | HF7: =HD7-HB7 -> -0.67468807 | HG7: =GD7-HF7 -> -0.050172146 | HH7: =GX7-'CCSD(T)'!BB7 -> -0.0011558975 | HI7: =GZ7-'CCSD(T)'!BC7 -> 0.072130463 | HJ7: =HB7-'CCSD(T)'!BD7 -> 0.00037520048 | HK7: =HD7-'CCSD(T)'!BE7 -> 0.060256646 | HL7: =HD7-'DLPNO-CCSD(T1 or T0)'!CT6 -> -0.97102141 | HM7: =HJ7-HH7 -> 0.001531098 | HN7: =HK7-HJ7 -> 0.059881446 | HP7: 02_end | HQ7: -1683.9452 | HR7: -1687.8286 | HS7: -1687.8007 | HT7: -1687.6826 | HU7: -1687.6687 | HV7: -1687.4602 | HW7: -0.027915018 | HX7: =HV7-HW7 -> -1687.4323 | HY7: ∆E#fwd | HZ7: =627.5095*(HQ9-HQ8) -> 10.405109 | IA7: =627.5095*(HX9-HX8) -> 4.3092848 | IB7: =627.5095*(HV9-HV8) -> 4.3042121 | IC7: =627.5095*(HU9-HU8) -> 6.3380799 | ID7: =627.5095*(HT9-HT8) -> 6.3355435 | IE7: =627.5095*(HS9-HS8) -> 5.6633707 | IF7: =627.5095*(HR9-HR8) -> 5.658298 | IG7: =IF7-IB7 -> 1.3540859 | IH7: =IF7-ID7 -> -0.6772455 | II7: =IH7-HF7 -> -0.0025574276 | IJ7: =HZ7-'CCSD(T)'!BB7 -> -0.0011558975 | IK7: =IB7-'CCSD(T)'!BC7 -> 0.032691215 | IL7: =ID7-'CCSD(T)'!BD7 -> -0.027399606 | IM7: =IF7-'CCSD(T)'!BE7 -> 0.029924412 | IN7: =IF7-'DLPNO-CCSD(T1 or T0)'!CT6 -> -1.0013536 | IO7: =IL7-IJ7 -> -0.026243709 | IP7: =IM7-IL7 -> 0.057324018 | IR7: 02_end | IS7: -1683.9452 | IT7: -1687.8281 | IU7: -1687.825 | IV7: -1687.686 | IW7: -1687.6844 | IX7: -1687.461 | IY7: -0.0030874367 | IZ7: =IX7-IY7 -> -1687.4579 | JA7: ∆E#fwd | JB7: =627.5095*(IS9-IS8) -> 10.405109 | JC7: =627.5095*(IZ9-IZ8) -> 4.2669475 | JD7: =627.5095*(IX9-IX8) -> 4.2569822 | JE7: =627.5095*(IW9-IW8) -> 6.367162 | JF7: =627.5095*(IV9-IV8) -> 6.3621793 | JG7: =627.5095*(IU9-IU8) -> 5.6293989 | JH7: =627.5095*(IT9-IT8) -> 5.6194335 | JI7: =JH7-JD7 -> 1.3624513 | JJ7: =JH7-JF7 -> -0.74274575 | JK7: =JJ7-FC7 -> -0.020813361 | JL7: =JB7-'CCSD(T)'!BB7 -> -0.0011558975 | JM7: =JD7-'CCSD(T)'!BC7 -> -0.014538626 | JN7: =JF7-'CCSD(T)'!BD7 -> -0.00076381709 | JO7: =JH7-'CCSD(T)'!BE7 -> -0.0089400437 | JP7: =JH7-'DLPNO-CCSD(T1 or T0)'!CT6 -> -1.0402181 | JQ7: =JN7-JL7 -> 0.00039208043 | JR7: =JO7-JN7 -> -0.0081762266 | JT7: -1689.7942 | JU7: -1689.4507 | JV7: -1689.4488 | JX7: 02_end | JY7: -1685.0276 | JZ7: -1689.7004 | KA7: -1689.6832 | KB7: -1689.49 | KC7: -1689.4814 | KD7: -1689.3233 | KE7: -0.017249851 | KF7: =KD7-KE7 -> -1689.3061 | KG7: -1689.379 | KH7: -1689.379 | KI7: -1689.58 | KJ7: -1.0496707 | KK7: -3.2462335 | KL7: =1.2*KK7+(1/3)*KJ7+JY7 -> -1689.273 | KM7: =1.3*KK7+JY7 -> -1689.2477 | KN7: =627.5095*(JY9-JY8) -> 11.379987 | KO7: =627.5095*(KF9-KF8) -> 4.6588818 | KP7: =627.5095*(KL9-KL8) -> 6.2128606 | KQ7: =627.5095*(KM9-KM8) -> 7.0638184 | KR7: =627.5095*(KD9-KD8) -> 4.5400788 | KS7: =627.5095*(KC9-KC8) -> 6.8381509 | KT7: =627.5095*(KB9-KB8) -> 6.7787494 | KU7: =627.5095*(KA9-KA8) -> 6.0187319 | KV7: =627.5095*(JZ9-JZ8) -> 5.8999289 | KW7: =KV7-KR7 -> 1.3598501 | KX7: =627.5095*(JT9-JT8) -> 6.2879823 | KY7: =627.5095*(JU9-JU8) -> 7.2672846 | KZ7: =627.5095*(JV9-JV8) -> 7.3184014 | LA7: =KV7-KT7 -> -0.87882047 | LB7: =LA7-GD7 -> -0.15396025 | LC7: =KN7-'PNO-LCCSD(T)'!AB6 -> -0.00246492 | LD7: =KV7-GB7 -> 0.3043648 | LE7: =KX7-KV7 -> 0.38805339 | LF7: =KY7-KX7 -> 0.97930228 | LG7: =AD7 -> 02_end | LH7: =627.5095*(KG9-KG8) -> 6.4606659 | LI7: =KS7-LH7 -> 0.37748499 | LJ7: =KT7-LH7 -> 0.31808352 | LK7: =627.5095*(KI9-KI8) -> 5.5382796 | LL7: =KU7-LK7 -> 0.48045224 | LM7: =KV7-LK7 -> 0.3616493 | LN7: =AP7-KS7 -> 0.40092637 | LP7: 02_end | LQ7: -1685.0276 | LR7: -1689.7002 | LS7: -1689.6828 | LT7: -1689.4897 | LU7: -1689.481 | LV7: -1689.323 | LW7: -0.017395668 | LX7: =LV7-LW7 -> -1689.3056 | LY7: ∆E#fwd | LZ7: =627.5095*(LQ9-LQ8) -> 11.379985 | MA7: =627.5095*(LX9-LX8) -> 4.651685 | MB7: =627.5095*(LV9-LV8) -> 4.5664276 | MC7: =627.5095*(LU9-LU8) -> 6.8348699 | MD7: =627.5095*(LT9-LT8) -> 6.7922412 | ME7: =627.5095*(LS9-LS8) -> 6.0076188 | MF7: =627.5095*(LR9-LR8) -> 5.9223613 | MG7: =MF7-MB7 -> 1.3559337 | MH7: =MF7-MD7 -> -0.86987985 | MJ7: 02_end | MK7: -1685.0276 | ML7: -1689.6996 | MM7: -1689.6544 | MN7: -1689.4852 | MO7: -1689.4626 | MP7: -1689.3213 | MQ7: -0.045264436 | MR7: =MP7-MQ7 -> -1689.276 | MS7: ∆E#fwd | MT7: =627.5095*(MK9-MK8) -> 11.379987 | MU7: =627.5095*(MR9-MR8) -> 4.6927445 | MV7: =627.5095*(MP9-MP8) -> 4.650727 | MW7: =627.5095*(MO9-MO8) -> 6.8824644 | MX7: =627.5095*(MN9-MN8) -> 6.8614556 | MY7: =627.5095*(MM9-MM8) -> 6.0964847 | MZ7: =627.5095*(ML9-ML8) -> 6.0544672 | NA7: =MZ7-MV7 -> 1.4037402 | NB7: =MZ7-MX7 -> -0.80698844 | NC7: =LA7-NB7 -> -0.071832029 | NE7: 02_end | NF7: -1685.0276 | NG7: -1689.701 | NH7: -1689.6562 | NI7: -1689.4865 | NJ7: -1689.4641 | NK7: -1689.3228 | NL7: -0.044793535 | NM7: =NK7-NL7 -> -1689.278 | NN7: ∆E#fwd | NO7: =627.5095*(NF9-NF8) -> 11.379987 | NP7: =627.5095*(NM9-NM8) -> 4.6455702 | NQ7: =627.5095*(NK9-NK8) -> 4.6004179 | NR7: =627.5095*(NJ9-NJ8) -> 6.8429255 | NS7: =627.5095*(NI9-NI8) -> 6.8203494 | NT7: =627.5095*(NH9-NH8) -> 6.0530311 | NU7: =627.5095*(NG9-NG8) -> 6.0078788 | NV7: =NU7-NQ7 -> 1.4074609 | NW7: =NU7-NS7 -> -0.81247062 | NX7: =NW7-NB7 -> -0.0054821739 | NZ7: 02_end | OA7: -1685.0809 | OB7: -1690.0221 | OC7: -1689.9566 | OD7: -1689.7818 | OE7: -1689.7491 | OF7: -1689.6646 | OG7: -0.065438777 | OH7: =OF7-OG7 -> -1689.5991 | OI7: ∆E#fwd | OJ7: =627.5095*(OA9-OA8) -> 11.400697 | OK7: =627.5095*(OH9-OH8) -> 4.5674566 | OL7: =627.5095*(OF9-OF8) -> 4.4188843 | OM7: =627.5095*(OE9-OE8) -> 6.8019338 | ON7: =627.5095*(OD9-OD8) -> 6.7276476 | OO7: =627.5095*(OC9-OC8) -> 6.029199 | OP7: =627.5095*(OB9-OB8) -> 5.8806267 | OQ7: =OP7-OL7 -> 1.4617424 | OR7: =OP7-ON7 -> -0.8470209 | OT7: 02_end | OU7: -1685.0809 | OV7: -1690.0202 | OW7: -1689.9948 | OX7: -1689.7878 | OY7: -1689.7751 | OZ7: -1689.6663 | PA7: -0.025412109 | PB7: -1689.6409 | PC7: ∆E#fwd | PD7: 11.400697 | PE7: 4.5621037 | PF7: 4.4201941 | PG7: 6.7780667 | PH7: 6.7071119 | PI7: 5.949507 | PJ7: 5.8075974 | PK7: 1.3874033 | PL7: -0.89951451 | PO7: =OJ7-MT7 -> 0.020709564 | PP7: =ON7-MX7 -> -0.13380799 | PQ7: =PP7-PO7 -> -0.15451756 | PR7: ='LNO-CCSD(T)-def2nZVP'!LB7 -> -0.15396025 | PS7: =PO$2*PO7+PQ$2*PQ7 -> -0.11160486 | PT7: =PR7*PR$2 -> -0.093525895 | PU7: =-'LNO-CCSD(T)-def2nZVP'!FA7+'CCSD(T)'!CI7 -> 0.018942495 | PV7: ='LNO-CCSD(T)-def2nZVP'!KV7+PS7+PT7+PU7 -> 5.7137407 | PX7: 0.020711271 | PY7: -0.085129244 | PZ7: -0.10584052 | QA7: -0.15396025 | QB7: -0.07554758 | QC7: -0.093525895 | QD7: 0.018942495 | QE7: 5.7497979 | QF7: =QE7-PV7 -> 0.036057276 | QH7: 02_end | QI7: -1685.0276 | QJ7: -1689.4541 | QK7: -1689.4383 | QL7: -1689.2526 | QM7: -1689.2447 | QN7: -1689.0937 | QO7: -0.015801216 | QP7: =QN7-QO7 -> -1689.0779 | QQ7: ∆E#fwd | QR7: =627.5095*(QI9-QI8) -> 11.379985 | QS7: =627.5095*(QP9-QP8) -> 6.1955168 | QT7: =627.5095*(QN9-QN8) -> 6.1442466 | QU7: =627.5095*(QM9-QM8) -> 8.0755276 | QV7: =627.5095*(QL9-QL8) -> 8.0498925 | QW7: =627.5095*(QK9-QK8) -> 7.3327908 | QX7: =627.5095*(QJ9-QJ8) -> 7.2815206 | QY7: =QX7-QT7 -> 1.1372739 | QZ7: =QX7-QV7 -> -0.76837194 | RB7: 02_end | RC7: -1685.0809 | RD7: -1689.7228 | RE7: -1689.6993 | RF7: -1689.5032 | RG7: -1689.4915 | RH7: -1689.3932 | RI7: -0.023475877 | RJ7: =RH7-RI7 -> -1689.3697 | RK7: ∆E#fwd | RL7: =627.5095*(RC9-RC8) -> 11.400697 | RM7: =627.5095*(RJ9-RJ8) -> 6.4185283 | RN7: =627.5095*(RH9-RH8) -> 6.3189323 | RO7: =627.5095*(RG9-RG8) -> 8.2425534 | RP7: =627.5095*(RF9-RF8) -> 8.1927553 | RQ7: =627.5095*(RE9-RE8) -> 7.5210489 | RR7: =627.5095*(RD9-RD8) -> 7.4214529 | RS7: =RR7-RN7 -> 1.1025206 | RT7: =RR7-RP7 -> -0.77130249
A8: 22.11 | C8: 02_start | D8: -1683.7998 | E8: -1687.3798 | F8: -1687.3701 | G8: -1687.2482 | H8: -1687.2434 | I8: -1687.0343 | J8: -1687.0246 | K8: ∆E#rev | L8: =627.5095*(D9-D7) -> 33.958892 | M8: =627.5095*(J9-J7) -> 26.021784 | N8: =627.5095*(I9-I7) -> 26.037887 | O8: =627.5095*(H9-H7) -> 29.114429 | P8: =627.5095*(G9-G7) -> 29.12248 | Q8: =627.5095*(F9-F7) -> 26.830509 | R8: =627.5095*(E9-E7) -> 26.846612 | S8: =R8-N8 -> 0.80872541 | T8: =R8-P8 -> -2.2758682 | V8: =L8-'CCSD(T)'!BV8 -> 0.0028088394 | W8: =N8-'CCSD(T)'!BW8 -> -0.11839871 | X8: =P8-'CCSD(T)'!BX8 -> -0.13342987 | Y8: =R8-'CCSD(T)'!BY8 -> -0.12681536 | Z8: =R8-'DLPNO-CCSD(T1 or T0)'!CT7 -> -0.14245545 | AA8: =X8-V8 -> -0.13623871 | AB8: =Y8-X8 -> 0.0066145123 | AD8: 02_start | AE8: -1683.7998 | AF8: -1687.3799 | AG8: -1687.3704 | AH8: -1687.2484 | AI8: -1687.2437 | AJ8: -1687.0345 | AK8: -1687.025 | AL8: ∆E#rev | AM8: =627.5095*(AE9-AE7) -> 33.958892 | AN8: =627.5095*(AK9-AK7) -> 26.010458 | AO8: =627.5095*(AJ9-AJ7) -> 26.029133 | AP8: =627.5095*(AI9-AI7) -> 29.103488 | AQ8: =627.5095*(AH9-AH7) -> 29.112826 | AR8: =627.5095*(AG9-AG7) -> 26.821053 | AS8: =627.5095*(AF9-AF7) -> 26.839729 | AT8: =AS8-AO8 -> 0.81059548 | AU8: =AS8-AQ8 -> -2.2730967 | AW8: =AM8-'CCSD(T)'!BV8 -> 0.0028088331 | AX8: =AO8-'CCSD(T)'!BW8 -> -0.12715192 | AY8: =AQ8-'CCSD(T)'!BX8 -> -0.14308453 | AZ8: =AS8-'CCSD(T)'!BY8 -> -0.1336985 | BA8: =AS8-'DLPNO-CCSD(T1 or T0)'!CT7 -> -0.14933859 | BB8: =AY8-AW8 -> -0.14589337 | BC8: =AZ8-AY8 -> 0.0093860336 | BE8: 02_start | BF8: -1683.7998 | BG8: -1687.3798 | BH8: -1687.3542 | BI8: -1687.2454 | BJ8: -1687.2326 | BK8: -1687.0334 | BL8: -0.025569214 | BM8: =BK8-BL8 -> -1687.0079 | BN8: ∆E#rev | BO8: =627.5095*(BF9-BF7) -> 33.958892 | BP8: =627.5095*(BM9-BM7) -> 25.872253 | BQ8: =627.5095*(BK9-BK7) -> 25.995321 | BR8: =627.5095*(BJ9-BJ7) -> 28.925324 | BS8: =627.5095*(BI9-BI7) -> 28.986858 | BT8: =627.5095*(BH9-BH7) -> 26.653555 | BU8: =627.5095*(BG9-BG7) -> 26.776623 | BV8: =BU8-BQ8 -> 0.78130235 | BW8: =BU8-BS8 -> -2.2102346 | BX8: =AU8-BW8 -> -0.062862044 | BY8: =BO8-'CCSD(T)'!BV8 -> 0.0028088456 | BZ8: =BQ8-'CCSD(T)'!BW8 -> -0.16096443 | CA8: =BS8-'CCSD(T)'!BX8 -> -0.26905222 | CB8: =BU8-'CCSD(T)'!BY8 -> -0.19680414 | CC8: =BU8-'DLPNO-CCSD(T1 or T0)'!CT7 -> -0.21244423 | CD8: =CA8-BY8 -> -0.27186107 | CE8: =CB8-CA8 -> 0.072248078 | CG8: 02_start | CH8: -1683.7998 | CI8: -1687.3806 | CJ8: -1687.3557 | CK8: -1687.2463 | CL8: -1687.2339 | CM8: -1687.0344 | CN8: -0.024816592 | CO8: =CM8-CN8 -> -1687.0096 | CP8: ∆E#rev | CQ8: =627.5095*(CH9-CH7) -> 33.958892 | CR8: =627.5095*(CO9-CO7) -> 26.030009 | CS8: =627.5095*(CM9-CM7) -> 26.045137 | CT8: =627.5095*(CL9-CL7) -> 29.048196 | CU8: =627.5095*(CK9-CK7) -> 29.05576 | CV8: =627.5095*(CJ9-CJ7) -> 26.791764 | CW8: =627.5095*(CI9-CI7) -> 26.806892 | CX8: =CW8-CS8 -> 0.76175517 | CY8: =CW8-CU8 -> -2.2488677 | CZ8: =CY8-BW8 -> -0.03863303 | DA8: =CQ8-'CCSD(T)'!BV8 -> 0.0028088456 | DB8: =CS8-'CCSD(T)'!BW8 -> -0.11114809 | DC8: =CU8-'CCSD(T)'!BX8 -> -0.20015003 | DD8: =CW8-'CCSD(T)'!BY8 -> -0.16653498 | DE8: =CW8-'DLPNO-CCSD(T1 or T0)'!CT7 -> -0.18217507 | DF8: =DC8-DA8 -> -0.20295887 | DG8: =DD8-DC8 -> 0.033615048 | DI8: 02_start | DJ8: -1683.7998 | DK8: -1687.3791 | DL8: -1687.3765 | DM8: -1687.2489 | DN8: -1687.2476 | DO8: -1687.0348 | DP8: -0.0026097928 | DQ8: =DO8-DP8 -> -1687.0322 | DR8: ∆E#rev | DS8: =627.5095*(DJ9-DJ7) -> 33.958892 | DT8: =627.5095*(DQ9-DQ7) -> 26.100109 | DU8: =627.5095*(DO9-DO7) -> 26.115321 | DV8: =627.5095*(DN9-DN7) -> 29.206494 | DW8: =627.5095*(DM9-DM7) -> 29.2141 | DX8: =627.5095*(DL9-DL7) -> 26.931364 | DY8: =627.5095*(DK9-DK7) -> 26.946577 | DZ8: =DY8-DU8 -> 0.83125535 | EA8: =DY8-DW8 -> -2.2675232 | EB8: =EA8-T8 -> 0.008344979 | EC8: =DS8-'CCSD(T)'!BV8 -> 0.0028087577 | ED8: =DU8-'CCSD(T)'!BW8 -> -0.040963877 | EE8: =DW8-'CCSD(T)'!BX8 -> -0.041810079 | EF8: =DY8-'CCSD(T)'!BY8 -> -0.026850588 | EG8: =DY8-'DLPNO-CCSD(T1 or T0)'!CT7 -> -0.042490676 | EH8: =EE8-EC8 -> -0.044618837 | EI8: =EF8-EE8 -> 0.014959491 | EK8: 02_start | EL8: -1683.9099 | EM8: -1687.7971 | EN8: -1687.7868 | EO8: -1687.6514 | EP8: -1687.6462 | EQ8: -1687.429 | ER8: -0.010315362 | ES8: =EQ8-ER8 -> -1687.4187 | ET8: ∆E#rev | EU8: =627.5095*(EL9-EL7) -> 32.520927 | EV8: =627.5095*(ES9-ES7) -> 23.963002 | EW8: =627.5095*(EQ9-EQ7) -> 23.959339 | EX8: =627.5095*(EP9-EP7) -> 27.412434 | EY8: =627.5095*(EO9-EO7) -> 27.410603 | EZ8: =627.5095*(EN9-EN7) -> 24.999747 | FA8: =627.5095*(EM9-EM7) -> 24.996084 | FB8: =FA8-EW8 -> 1.0367453 | FC8: =FA8-EY8 -> -2.414519 | FD8: =EU8-'CCSD(T)'!BB8 -> 0.00082034314 | FE8: =EW8-'CCSD(T)'!BC8 -> -0.044950872 | FF8: =EY8-'CCSD(T)'!CH8 -> -0.09935554 | FG8: =FA8-'CCSD(T)'!CI8 -> -0.10392449 | FH8: =FA8-'DLPNO-CCSD(T1 or T0)'!AF7 -> -0.14675189 | FI8: =FF8-FD8 -> -0.10017588 | FJ8: =FG8-FF8 -> -0.0045689451 | FL8: 02_start | FM8: -1683.9099 | FN8: -1687.7973 | FO8: -1687.7872 | FP8: -1687.6516 | FQ8: -1687.6465 | FR8: -1687.4292 | FS8: -0.010163852 | FT8: =FR8-FS8 -> -1687.4191 | FU8: ∆E#rev | FV8: =627.5095*(FM9-FM7) -> 32.520927 | FW8: =627.5095*(FT9-FT7) -> 24.003772 | FX8: =627.5095*(FR9-FR7) -> 23.948405 | FY8: =627.5095*(FQ9-FQ7) -> 27.44029 | FZ8: =627.5095*(FP9-FP7) -> 27.412606 | GA8: =627.5095*(FO9-FO7) -> 25.041777 | GB8: =627.5095*(FN9-FN7) -> 24.98641 | GC8: =GB8-FX8 -> 1.038005 | GD8: =GB8-FZ8 -> -2.4261963 | GE8: =LA8-GD8 -> -0.34644352 | GF8: =FV8-'CCSD(T)'!BB8 -> 0.00082024911 | GG8: =FX8-'CCSD(T)'!BC8 -> -0.055885043 | GH8: =FZ8-'CCSD(T)'!BD8 -> -0.097352674 | GI8: =GB8-'CCSD(T)'!BE8 -> -0.11359897 | GJ8: =GB8-'DLPNO-CCSD(T1 or T0)'!O7 -> -2.1814372 | GK8: =GH8-GF8 -> -0.098172923 | GL8: =GI8-GH8 -> -0.016246295 | GN8: 02_start | GO8: -1683.9099 | GP8: -1687.797 | GQ8: -1687.7686 | GR8: -1687.6482 | GS8: -1687.6341 | GT8: -1687.4278 | GU8: -0.028303061 | GV8: =GT8-GU8 -> -1687.3995 | GW8: ∆E#rev | GX8: =627.5095*(GO9-GO7) -> 32.520927 | GY8: =627.5095*(GV9-GV7) -> 23.773677 | GZ8: =627.5095*(GT9-GT7) -> 23.91681 | HA8: =627.5095*(GS9-GS7) -> 27.21731 | HB8: =627.5095*(GR9-GR7) -> 27.288876 | HC8: =627.5095*(GQ9-GQ7) -> 24.815891 | HD8: =627.5095*(GP9-GP7) -> 24.959024 | HE8: =HD8-GZ8 -> 1.0422145 | HF8: =HD8-HB8 -> -2.3298518 | HG8: =GD8-HF8 -> -0.096344565 | HH8: =GX8-'CCSD(T)'!BB8 -> 0.00082024284 | HI8: =GZ8-'CCSD(T)'!BC8 -> -0.087479738 | HJ8: =HB8-'CCSD(T)'!BD8 -> -0.22108242 | HK8: =HD8-'CCSD(T)'!BE8 -> -0.14098415 | HL8: =HD8-'DLPNO-CCSD(T1 or T0)'!CT7 -> -2.030043 | HM8: =HJ8-HH8 -> -0.22190266 | HN8: =HK8-HJ8 -> 0.08009827 | HP8: 02_start | HQ8: -1683.9099 | HR8: -1687.7978 | HS8: -1687.7702 | HT8: -1687.6492 | HU8: -1687.6354 | HV8: -1687.4289 | HW8: -0.027656465 | HX8: =HV8-HW8 -> -1687.4012 | HY8: ∆E#rev | HZ8: =627.5095*(HQ9-HQ7) -> 32.520927 | IA8: =627.5095*(HX9-HX7) -> 23.80681 | IB8: =627.5095*(HV9-HV7) -> 23.963981 | IC8: =627.5095*(HU9-HU7) -> 27.235881 | ID8: =627.5095*(HT9-HT7) -> 27.314467 | IE8: =627.5095*(HS9-HS7) -> 24.833149 | IF8: =627.5095*(HR9-HR7) -> 24.99032 | IG8: =IF8-IB8 -> 1.0263391 | IH8: =IF8-ID8 -> -2.3241466 | II8: =IH8-HF8 -> 0.0057052158 | IJ8: =HZ8-'CCSD(T)'!BB8 -> 0.00082024284 | IK8: =IB8-'CCSD(T)'!BC8 -> -0.040308713 | IL8: =ID8-'CCSD(T)'!BD8 -> -0.19549197 | IM8: =IF8-'CCSD(T)'!BE8 -> -0.10968848 | IN8: =IF8-'DLPNO-CCSD(T1 or T0)'!CT7 -> -1.9987474 | IO8: =IL8-IJ8 -> -0.19631221 | IP8: =IM8-IL8 -> 0.085803486 | IR8: 02_start | IS8: -1683.9099 | IT8: -1687.7971 | IU8: -1687.794 | IV8: -1687.6523 | IW8: -1687.6507 | IX8: -1687.4295 | IY8: -0.0030809491 | IZ8: =IX8-IY8 -> -1687.4264 | JA8: ∆E#rev | JB8: =627.5095*(IS9-IS7) -> 32.520927 | JC8: =627.5095*(IZ9-IZ7) -> 24.018058 | JD8: =627.5095*(IX9-IX7) -> 24.012164 | JE8: =627.5095*(IW9-IW7) -> 27.508063 | JF8: =627.5095*(IV9-IV7) -> 27.505116 | JG8: =627.5095*(IU9-IU7) -> 25.105667 | JH8: =627.5095*(IT9-IT7) -> 25.099772 | JI8: =JH8-JD8 -> 1.0876088 | JJ8: =JH8-JF8 -> -2.4053435 | JK8: =JJ8-FC8 -> 0.0091755316 | JL8: =JB8-'CCSD(T)'!BB8 -> 0.00082029306 | JM8: =JD8-'CCSD(T)'!BC8 -> 0.0078738066 | JN8: =JF8-'CCSD(T)'!BD8 -> -0.0048428642 | JO8: =JH8-'CCSD(T)'!BE8 -> -0.00023627766 | JP8: =JH8-'DLPNO-CCSD(T1 or T0)'!CT7 -> -1.8892952 | JQ8: =JN8-JL8 -> -0.0056631573 | JR8: =JO8-JN8 -> 0.0046065866 | JT8: -1689.7688 | JU8: -1689.4242 | JV8: -1689.4223 | JX8: 02_start | JY8: -1684.997 | JZ8: -1689.6743 | KA8: -1689.6573 | KB8: -1689.4609 | KC8: -1689.4523 | KD8: -1689.2976 | KE8: -0.017058762 | KF8: =KD8-KE8 -> -1689.2805 | KG8: -1689.3489 | KH8: -1689.3489 | KI8: -1689.5527 | KJ8: -1.0514104 | KK8: -3.2494577 | KL8: =1.2*KK8+(1/3)*KJ8+JY8 -> -1689.2469 | KM8: =1.3*KK8+JY8 -> -1689.2213 | KN8: =627.5095*(JY9-JY7) -> 30.573333 | KO8: =627.5095*(KF9-KF7) -> 20.670857 | KP8: =627.5095*(KL9-KL7) -> 22.614457 | KQ8: =627.5095*(KM9-KM7) -> 23.626985 | KR8: =627.5095*(KD9-KD7) -> 20.671965 | KS8: =627.5095*(KC9-KC7) -> 25.043961 | KT8: =627.5095*(KB9-KB7) -> 25.044515 | KU8: =627.5095*(KA9-KA7) -> 22.270768 | KV8: =627.5095*(JZ9-JZ7) -> 22.271875 | KW8: =KV8-KR8 -> 1.5999102 | KX8: =627.5095*(JT9-JT7) -> 22.237328 | KY8: =627.5095*(JU9-JU7) -> 23.869419 | KZ8: =627.5095*(JV9-JV7) -> 23.98389 | LA8: =KV8-KT8 -> -2.7726399 | LB8: =LA8-GD8 -> -0.34644352 | LC8: =KN8-'PNO-LCCSD(T)'!AB7 -> 0.00088537201 | LD8: =KV8-GB8 -> -2.7145348 | LE8: =KX8-KV8 -> -0.034546695 | LF8: =KY8-KX8 -> 1.632091 | LG8: =AD8 -> 02_start | LH8: =627.5095*(KG9-KG7) -> 25.357949 | LI8: =KS8-LH8 -> -0.31398772 | LJ8: =KT8-LH8 -> -0.31343408 | LK8: =627.5095*(KI9-KI7) -> 22.656468 | LL8: =KU8-LK8 -> -0.38570011 | LM8: =KV8-LK8 -> -0.38459284 | LN8: =AP8-KS8 -> 4.0595267 | LP8: 02_start | LQ8: -1684.997 | LR8: -1689.6741 | LS8: -1689.6568 | LT8: -1689.4606 | LU8: -1689.452 | LV8: -1689.2973 | LW8: -0.017240498 | LX8: =LV8-LW8 -> -1689.2801 | LY8: ∆E#rev | LZ8: =627.5095*(LQ9-LQ7) -> 30.573332 | MA8: =627.5095*(LX9-LX7) -> 20.676251 | MB8: =627.5095*(LV9-LV7) -> 20.688364 | MC8: =627.5095*(LU9-LU7) -> 25.050411 | MD8: =627.5095*(LT9-LT7) -> 25.056468 | ME8: =627.5095*(LS9-LS7) -> 22.274987 | MF8: =627.5095*(LR9-LR7) -> 22.2871 | MG8: =MF8-MB8 -> 1.598736 | MH8: =MF8-MD8 -> -2.7693682 | MJ8: 02_start | MK8: -1684.997 | ML8: -1689.6738 | MM8: -1689.6289 | MN8: -1689.4565 | MO8: -1689.434 | MP8: -1689.2959 | MQ8: -0.044984164 | MR8: =MP8-MQ8 -> -1689.2509 | MS8: ∆E#rev | MT8: =627.5095*(MK9-MK7) -> 30.573333 | MU8: =627.5095*(MR9-MR7) -> 20.47528 | MV8: =627.5095*(MP9-MP7) -> 20.609137 | MW8: =627.5095*(MO9-MO7) -> 24.846281 | MX8: =627.5095*(MN9-MN7) -> 24.913209 | MY8: =627.5095*(MM9-MM7) -> 22.103924 | MZ8: =627.5095*(ML9-ML7) -> 22.23778 | NA8: =MZ8-MV8 -> 1.6286432 | NB8: =MZ8-MX8 -> -2.6754293 | NC8: =LA8-NB8 -> -0.097210559 | NE8: 02_start | NF8: -1684.997 | NG8: -1689.6751 | NH8: -1689.6305 | NI8: -1689.4576 | NJ8: -1689.4354 | NK8: -1689.2973 | NL8: -0.044566047 | NM8: =NK8-NL8 -> -1689.2527 | NN8: ∆E#rev | NO8: =627.5095*(NF9-NF7) -> 30.573333 | NP8: =627.5095*(NM9-NM7) -> 20.538527 | NQ8: =627.5095*(NK9-NK7) -> 20.636125 | NR8: =627.5095*(NJ9-NJ7) -> 24.895035 | NS8: =627.5095*(NI9-NI7) -> 24.943834 | NT8: =627.5095*(NH9-NH7) -> 22.166233 | NU8: =627.5095*(NG9-NG7) -> 22.263832 | NV8: =NU8-NQ8 -> 1.6277068 | NW8: =NU8-NS8 -> -2.6800022 | NX8: =NW8-NB8 -> -0.0045728812 | NZ8: 02_start | OA8: -1685.0504 | OB8: -1689.996 | OC8: -1689.931 | OD8: -1689.7527 | OE8: -1689.7202 | OF8: -1689.639 | OG8: -0.06500741 | OH8: =OF8-OG8 -> -1689.574 | OI8: ∆E#rev | OJ8: =627.5095*(OA9-OA7) -> 30.544864 | OK8: =627.5095*(OH9-OH7) -> 20.359201 | OL8: =627.5095*(OF9-OF7) -> 20.481316 | OM8: =627.5095*(OE9-OE7) -> 24.937377 | ON8: =627.5095*(OD9-OD7) -> 24.998435 | OO8: =627.5095*(OC9-OC7) -> 22.117138 | OP8: =627.5095*(OB9-OB7) -> 22.239253 | OQ8: =OP8-OL8 -> 1.7579364 | OR8: =OP8-ON8 -> -2.7591817 | OT8: 02_start | OU8: -1685.0504 | OV8: -1689.9939 | OW8: -1689.9686 | OX8: -1689.7584 | OY8: -1689.7457 | OZ8: -1689.6405 | PA8: -0.025252055 | PB8: -1689.6152 | PC8: ∆E#rev | PD8: 30.544864 | PE8: 20.636143 | PF8: 20.594669 | PG8: 25.192068 | PH8: 25.171331 | PI8: 22.355208 | PJ8: 22.313733 | PK8: 1.7190642 | PL8: -2.8575977 | PO8: =OJ8-MT8 -> -0.02846877 | PP8: =ON8-MX8 -> 0.08522551 | PQ8: =PP8-PO8 -> 0.11369428 | PR8: ='LNO-CCSD(T)-def2nZVP'!LB8 -> -0.34644352 | PS8: =PO$2*PO8+PQ$2*PQ8 -> 0.080296671 | PT8: =PR8*PR$2 -> -0.21045328 | PU8: =-'LNO-CCSD(T)-def2nZVP'!FA8+'CCSD(T)'!CI8 -> 0.10392449 | PV8: ='LNO-CCSD(T)-def2nZVP'!KV8+PS8+PT8+PU8 -> 22.245643 | PX8: -0.028467464 | PY8: 0.11486329 | PZ8: 0.14333075 | QA8: -0.34644352 | QB8: 0.10224978 | QC8: -0.21045328 | QD8: 0.10392449 | QE8: 22.267596 | QF8: =QE8-PV8 -> 0.021953105 | QH8: 02_start | QI8: -1684.997 | QJ8: -1689.4274 | QK8: -1689.4117 | QL8: -1689.2231 | QM8: -1689.2152 | QN8: -1689.0665 | QO8: -0.015701434 | QP8: =QN8-QO8 -> -1689.0508 | QQ8: ∆E#rev | QR8: =627.5095*(QI9-QI7) -> 30.573332 | QS8: =627.5095*(QP9-QP7) -> 23.223257 | QT8: =627.5095*(QN9-QN7) -> 23.234601 | QU8: =627.5095*(QM9-QM7) -> 26.591634 | QV8: =627.5095*(QL9-QL7) -> 26.597306 | QW8: =627.5095*(QK9-QK7) -> 24.037815 | QX8: =627.5095*(QJ9-QJ7) -> 24.049159 | QY8: =QX8-QT8 -> 0.8145579 | QZ8: =QX8-QV8 -> -2.5481468 | RB8: 02_start | RC8: -1685.0504 | RD8: -1689.6958 | RE8: -1689.6724 | RF8: -1689.4733 | RG8: -1689.4616 | RH8: -1689.3659 | RI8: -0.023376177 | RJ8: =RH8-RI8 -> -1689.3425 | RK8: ∆E#rev | RL8: =627.5095*(RC9-RC7) -> 30.544864 | RM8: =627.5095*(RJ9-RJ7) -> 23.487762 | RN8: =627.5095*(RH9-RH7) -> 23.450728 | RO8: =627.5095*(RG9-RG7) -> 26.958155 | RP8: =627.5095*(RF9-RF7) -> 26.939638 | RQ8: =627.5095*(RE9-RE7) -> 24.38906 | RR8: =627.5095*(RD9-RD7) -> 24.352027 | RS8: =RR8-RN8 -> 0.90129879 | RT8: =RR8-RP8 -> -2.5876109
A9: -16.53 | C9: 02_ts | D9: -1683.7828 | E9: -1687.3692 | F9: -1687.3596 | G9: -1687.2367 | H9: -1687.2318 | I9: -1687.0256 | J9: -1687.016 | K9: ∆Ereac | L9: =627.5095*(D7-D8) -> -23.286499 | M9: =627.5095*(J7-J8) -> -20.611938 | N9: =627.5095*(I7-I8) -> -20.596078 | O9: =627.5095*(H7-H8) -> -21.860776 | P9: =627.5095*(G7-G8) -> -21.852846 | Q9: =627.5095*(F7-F8) -> -20.227843 | R9: =627.5095*(E7-E8) -> -20.211984 | S9: =R9-N9 -> 0.38409472 | T9: =R9-P9 -> 1.6408627 | V9: =L9-'CCSD(T)'!BV9 -> -0.00074769649 | W9: =N9-'CCSD(T)'!BW9 -> 0.066703206 | X9: =P9-'CCSD(T)'!BX9 -> 0.064629155 | Y9: =R9-'CCSD(T)'!BY9 -> 0.069097896 | Z9: =R9-'DLPNO-CCSD(T1 or T0)'!CT8 -> 0.11743222 | AA9: =X9-V9 -> 0.065376851 | AB9: =Y9-X9 -> 0.004468742 | AD9: 02_ts | AE9: -1683.7828 | AF9: -1687.3694 | AG9: -1687.3599 | AH9: -1687.2369 | AI9: -1687.2321 | AJ9: -1687.0259 | AK9: -1687.0164 | AL9: ∆Ereac | AM9: =627.5095*(AE7-AE8) -> -23.286499 | AN9: =627.5095*(AK7-AK8) -> -20.612832 | AO9: =627.5095*(AJ7-AJ8) -> -20.608352 | AP9: =627.5095*(AI7-AI8) -> -21.864411 | AQ9: =627.5095*(AH7-AH8) -> -21.862171 | AR9: =627.5095*(AG7-AG8) -> -20.23576 | AS9: =627.5095*(AF7-AF8) -> -20.23128 | AT9: =AS9-AO9 -> 0.37707222 | AU9: =AS9-AQ9 -> 1.6308908 | AW9: =AM9-'CCSD(T)'!BV9 -> -0.00074769021 | AX9: =AO9-'CCSD(T)'!BW9 -> 0.054429434 | AY9: =AQ9-'CCSD(T)'!BX9 -> 0.055304746 | AZ9: =AS9-'CCSD(T)'!BY9 -> 0.049801622 | BA9: =AS9-'DLPNO-CCSD(T1 or T0)'!CT8 -> 0.098135947 | BB9: =AY9-AW9 -> 0.056052436 | BC9: =AZ9-AY9 -> -0.0055031246 | BE9: 02_ts | BF9: -1683.7828 | BG9: -1687.369 | BH9: -1687.3435 | BI9: -1687.2337 | BJ9: -1687.221 | BK9: -1687.0246 | BL9: -0.025516849 | BM9: =BK9-BL9 -> -1686.9991 | BN9: ∆Ereac | BO9: =627.5095*(BF7-BF8) -> -23.286499 | BP9: =627.5095*(BM7-BM8) -> -20.343205 | BQ9: =627.5095*(BK7-BK8) -> -20.433413 | BR9: =627.5095*(BJ7-BJ8) -> -21.628369 | BS9: =627.5095*(BI7-BI8) -> -21.673473 | BT9: =627.5095*(BH7-BH8) -> -19.941096 | BU9: =627.5095*(BG7-BG8) -> -20.031304 | BV9: =BU9-BQ9 -> 0.40210957 | BW9: =BU9-BS9 -> 1.6421695 | BX9: =AU9-BW9 -> -0.011278736 | BY9: =BO9-'CCSD(T)'!BV9 -> -0.00074770276 | BZ9: =BQ9-'CCSD(T)'!BW9 -> 0.22936816 | CA9: =BS9-'CCSD(T)'!BX9 -> 0.24400209 | CB9: =BU9-'CCSD(T)'!BY9 -> 0.2497777 | CC9: =BU9-'DLPNO-CCSD(T1 or T0)'!CT8 -> 0.29811203 | CD9: =CA9-BY9 -> 0.2447498 | CE9: =CB9-CA9 -> 0.0057756118 | CG9: 02_ts | CH9: -1683.7828 | CI9: -1687.3698 | CJ9: -1687.345 | CK9: -1687.2347 | CL9: -1687.2222 | CM9: -1687.0256 | CN9: -0.024835744 | CO9: =CM9-CN9 -> -1687.0008 | CP9: ∆Ereac | CQ9: =627.5095*(CH7-CH8) -> -23.286499 | CR9: =627.5095*(CO7-CO8) -> -20.471834 | CS9: =627.5095*(CM7-CM8) -> -20.49898 | CT9: =627.5095*(CL7-CL8) -> -21.707656 | CU9: =627.5095*(CK7-CK8) -> -21.72123 | CV9: =627.5095*(CJ7-CJ8) -> -20.030954 | CW9: =627.5095*(CI7-CI8) -> -20.0581 | CX9: =CW9-CS9 -> 0.44087983 | CY9: =CW9-CU9 -> 1.6631295 | CZ9: =CY9-BW9 -> 0.020959959 | DA9: =CQ9-'CCSD(T)'!BV9 -> -0.00074770276 | DB9: =CS9-'CCSD(T)'!BW9 -> 0.16380163 | DC9: =CU9-'CCSD(T)'!BX9 -> 0.19624586 | DD9: =CW9-'CCSD(T)'!BY9 -> 0.22298143 | DE9: =CW9-'DLPNO-CCSD(T1 or T0)'!CT8 -> 0.27131576 | DF9: =DC9-DA9 -> 0.19699356 | DG9: =DD9-DC9 -> 0.026735571 | DI9: 02_ts | DJ9: -1683.7828 | DK9: -1687.3685 | DL9: -1687.3659 | DM9: -1687.2372 | DN9: -1687.2359 | DO9: -1687.0261 | DP9: -0.0026099952 | DQ9: =DO9-DP9 -> -1687.0235 | DR9: ∆Ereac | DS9: =627.5095*(DJ7-DJ8) -> -23.286499 | DT9: =627.5095*(DQ7-DQ8) -> -20.639358 | DU9: =627.5095*(DO7-DO8) -> -20.654698 | DV9: =627.5095*(DN7-DN8) -> -21.881367 | DW9: =627.5095*(DM7-DM8) -> -21.889037 | DX9: =627.5095*(DL7-DL8) -> -20.256518 | DY9: =627.5095*(DK7-DK8) -> -20.271858 | DZ9: =DY9-DU9 -> 0.38284008 | EA9: =DY9-DW9 -> 1.617179 | EB9: =EA9-T9 -> -0.023683696 | EC9: =DS9-'CCSD(T)'!BV9 -> -0.00074767765 | ED9: =DU9-'CCSD(T)'!BW9 -> 0.008083766 | EE9: =DW9-'CCSD(T)'!BX9 -> 0.028438768 | EF9: =DY9-'CCSD(T)'!BY9 -> 0.009223814 | EG9: =DY9-'DLPNO-CCSD(T1 or T0)'!CT8 -> 0.05755814 | EH9: =EE9-EC9 -> 0.029186445 | EI9: =EF9-EE9 -> -0.019214954 | EK9: 02_ts | EL9: -1683.8934 | EM9: -1687.7882 | EN9: -1687.7779 | EO9: -1687.6413 | EP9: -1687.6361 | EQ9: -1687.4222 | ER9: -0.010314373 | ES9: =EQ9-ER9 -> -1687.4119 | ET9: ∆Ereac | EU9: =627.5095*(EL7-EL8) -> -22.115819 | EV9: =627.5095*(ES7-ES8) -> -19.700598 | EW9: =627.5095*(EQ7-EQ8) -> -19.696315 | EX9: =627.5095*(EP7-EP8) -> -21.081381 | EY9: =627.5095*(EO7-EO8) -> -21.07924 | EZ9: =627.5095*(EN7-EN8) -> -19.390936 | FA9: =627.5095*(EM7-EM8) -> -19.386653 | FB9: =FA9-EW9 -> 0.30966153 | FC9: =FA9-EY9 -> 1.6925866 | FD9: =EU9-'CCSD(T)'!BB9 -> -0.0019762532 | FE9: =EW9-'CCSD(T)'!BC9 -> 0.036454327 | FF9: =EY9-'CCSD(T)'!CH9 -> 0.067775911 | FG9: =FA9-'CCSD(T)'!CI9 -> 0.08498199 | FH9: =FA9-'DLPNO-CCSD(T1 or T0)'!AF8 -> 0.17643692 | FI9: =FF9-FD9 -> 0.069752165 | FJ9: =FG9-FF9 -> 0.017206079 | FL9: 02_ts | FM9: -1683.8934 | FN9: -1687.7884 | FO9: -1687.7782 | FP9: -1687.6415 | FQ9: -1687.6364 | FR9: -1687.4225 | FS9: -0.010169549 | FT9: =FR9-FS9 -> -1687.4123 | FU9: ∆Ereac | FV9: =627.5095*(FM7-FM8) -> -22.115818 | FW9: =627.5095*(FT7-FT8) -> -19.757832 | FX9: =627.5095*(FR7-FR8) -> -19.706039 | FY9: =627.5095*(FQ7-FQ8) -> -21.118078 | FZ9: =627.5095*(FP7-FP8) -> -21.092182 | GA9: =627.5095*(FO7-FO8) -> -19.442638 | GB9: =627.5095*(FN7-FN8) -> -19.390846 | GC9: =GB9-FX9 -> 0.31519354 | GD9: =GB9-FZ9 -> 1.7013361 | GE9: =LA9-GD9 -> 0.19248327 | GF9: =FV9-'CCSD(T)'!BB9 -> -0.0019761404 | GG9: =FX9-'CCSD(T)'!BC9 -> 0.026729831 | GH9: =FZ9-'CCSD(T)'!BD9 -> 0.054833904 | GI9: =GB9-'CCSD(T)'!BE9 -> 0.080789499 | GJ9: =GB9-'DLPNO-CCSD(T1 or T0)'!O8 -> 2.4920724 | GK9: =GH9-GF9 -> 0.056810045 | GL9: =GI9-GH9 -> 0.025955595 | GN9: 02_ts | GO9: -1683.8934 | GP9: -1687.7879 | GQ9: -1687.7595 | GR9: -1687.6381 | GS9: -1687.6239 | GT9: -1687.4209 | GU9: -0.028339298 | GV9: =GT9-GU9 -> -1687.3925 | GW9: ∆Ereac | GX9: =627.5095*(GO7-GO8) -> -22.115818 | GY9: =627.5095*(GV7-GV8) -> -19.407286 | GZ9: =627.5095*(GT7-GT8) -> -19.573159 | HA9: =627.5095*(GS7-GS8) -> -20.842622 | HB9: =627.5095*(GR7-GR8) -> -20.925558 | HC9: =627.5095*(GQ7-GQ8) -> -19.104521 | HD9: =627.5095*(GP7-GP8) -> -19.270394 | HE9: =HD9-GZ9 -> 0.30276446 | HF9: =HD9-HB9 -> 1.6551637 | HG9: =GD9-HF9 -> 0.046172419 | HH9: =GX9-'CCSD(T)'!BB9 -> -0.0019761404 | HI9: =GZ9-'CCSD(T)'!BC9 -> 0.1596102 | HJ9: =HB9-'CCSD(T)'!BD9 -> 0.22145762 | HK9: =HD9-'CCSD(T)'!BE9 -> 0.20124079 | HL9: =HD9-'DLPNO-CCSD(T1 or T0)'!CT8 -> 1.0590216 | HM9: =HJ9-HH9 -> 0.22343376 | HN9: =HK9-HJ9 -> -0.020216824 | HP9: 02_ts | HQ9: -1683.8934 | HR9: -1687.7888 | HS9: -1687.7611 | HT9: -1687.6391 | HU9: -1687.6253 | HV9: -1687.422 | HW9: -0.027664549 | HX9: =HV9-HW9 -> -1687.3943 | HY9: ∆Ereac | HZ9: =627.5095*(HQ7-HQ8) -> -22.115818 | IA9: =627.5095*(HX7-HX8) -> -19.497525 | IB9: =627.5095*(HV7-HV8) -> -19.659769 | IC9: =627.5095*(HU7-HU8) -> -20.897801 | ID9: =627.5095*(HT7-HT8) -> -20.978923 | IE9: =627.5095*(HS7-HS8) -> -19.169778 | IF9: =627.5095*(HR7-HR8) -> -19.332022 | IG9: =IF9-IB9 -> 0.32774683 | IH9: =IF9-ID9 -> 1.6469011 | II9: =IH9-HF9 -> -0.0082626434 | IJ9: =HZ9-'CCSD(T)'!BB9 -> -0.0019761404 | IK9: =IB9-'CCSD(T)'!BC9 -> 0.072999928 | IL9: =ID9-'CCSD(T)'!BD9 -> 0.16809236 | IM9: =IF9-'CCSD(T)'!BE9 -> 0.13961289 | IN9: =IF9-'DLPNO-CCSD(T1 or T0)'!CT8 -> 0.99739371 | IO9: =IL9-IJ9 -> 0.1700685 | IP9: =IM9-IL9 -> -0.028479468 | IR9: 02_ts | IS9: -1683.8934 | IT9: -1687.7881 | IU9: -1687.785 | IV9: -1687.6421 | IW9: -1687.6406 | IX9: -1687.4227 | IY9: -0.0030968299 | IZ9: =IX9-IY9 -> -1687.4196 | JA9: ∆Ereac | JB9: =627.5095*(IS7-IS8) -> -22.115818 | JC9: =627.5095*(IZ7-IZ8) -> -19.75111 | JD9: =627.5095*(IX7-IX8) -> -19.755181 | JE9: =627.5095*(IW7-IW8) -> -21.140901 | JF9: =627.5095*(IV7-IV8) -> -21.142937 | JG9: =627.5095*(IU7-IU8) -> -19.476268 | JH9: =627.5095*(IT7-IT8) -> -19.480339 | JI9: =JH9-JD9 -> 0.27484253 | JJ9: =JH9-JF9 -> 1.6625977 | JK9: =JJ9-FC9 -> -0.029988892 | JL9: =JB9-'CCSD(T)'!BB9 -> -0.0019761906 | JM9: =JD9-'CCSD(T)'!BC9 -> -0.022412433 | JN9: =JF9-'CCSD(T)'!BD9 -> 0.0040790471 | JO9: =JH9-'CCSD(T)'!BE9 -> -0.0087037661 | JP9: =JH9-'DLPNO-CCSD(T1 or T0)'!CT8 -> 0.84907706 | JQ9: =JN9-JL9 -> 0.0060552377 | JR9: =JO9-JN9 -> -0.012782813 | JT9: -1689.7588 | JU9: -1689.4126 | JV9: -1689.4106 | JX9: 02_ts | JY9: -1684.9789 | JZ9: -1689.6649 | KA9: -1689.6477 | KB9: -1689.4501 | KC9: -1689.4414 | KD9: -1689.2904 | KE9: -0.017248086 | KF9: =KD9-KE9 -> -1689.2731 | KG9: -1689.3386 | KH9: -1689.3386 | KI9: -1689.5439 | KJ9: -1.0570659 | KK9: -3.2547487 | KL9: =1.2*KK9+(1/3)*KJ9+JY9 -> -1689.237 | KM9: =1.3*KK9+JY9 -> -1689.2101 | KN9: =627.5095*(JY7-JY8) -> -19.193346 | KO9: =627.5095*(KF7-KF8) -> -16.011976 | KP9: =627.5095*(KL7-KL8) -> -16.401596 | KQ9: =627.5095*(KM7-KM8) -> -16.563167 | KR9: =627.5095*(KD7-KD8) -> -16.131886 | KS9: =627.5095*(KC7-KC8) -> -18.20581 | KT9: =627.5095*(KB7-KB8) -> -18.265765 | KU9: =627.5095*(KA7-KA8) -> -16.252036 | KV9: =627.5095*(JZ7-JZ8) -> -16.371946 | KW9: =KV9-KR9 -> -0.2400601 | KX9: =627.5095*(JT7-JT8) -> -15.949346 | KY9: =627.5095*(JU7-JU8) -> -16.602135 | KZ9: =627.5095*(JV7-JV8) -> -16.665489 | LA9: =KV9-KT9 -> 1.8938194 | LB9: =LA9-GD9 -> 0.19248327 | LC9: =KN9-'PNO-LCCSD(T)'!AB8 -> -0.003350292 | LD9: =KV9-GB9 -> 3.0188996 | LE9: =KX9-KV9 -> 0.42260009 | LF9: =KY9-KX9 -> -0.65278872 | LG9: =AD9 -> 02_ts | LH9: =627.5095*(KG7-KG8) -> -18.897283 | LI9: =KS9-LH9 -> 0.6914727 | LJ9: =KT9-LH9 -> 0.6315176 | LK9: =627.5095*(KI7-KI8) -> -17.118188 | LL9: =KU9-LK9 -> 0.86615235 | LM9: =KV9-LK9 -> 0.74624214 | LN9: =AP9-KS9 -> -3.6586003 | LP9: 02_ts | LQ9: -1684.9789 | LR9: -1689.6646 | LS9: -1689.6473 | LT9: -1689.4498 | LU9: -1689.4411 | LV9: -1689.29 | LW9: -0.017376364 | LX9: =LV9-LW9 -> -1689.2726 | LY9: ∆Ereac | LZ9: =627.5095*(LQ7-LQ8) -> -19.193346 | MA9: =627.5095*(LX7-LX8) -> -16.024566 | MB9: =627.5095*(LV7-LV8) -> -16.121936 | MC9: =627.5095*(LU7-LU8) -> -18.215541 | MD9: =627.5095*(LT7-LT8) -> -18.264227 | ME9: =627.5095*(LS7-LS8) -> -16.267368 | MF9: =627.5095*(LR7-LR8) -> -16.364738 | MG9: =MF9-MB9 -> -0.24280224 | MH9: =MF9-MD9 -> 1.8994883 | MJ9: 02_ts | MK9: -1684.9789 | ML9: -1689.6642 | MM9: -1689.6191 | MN9: -1689.4455 | MO9: -1689.423 | MP9: -1689.2884 | MQ9: -0.045051123 | MR9: =MP9-MQ9 -> -1689.2434 | MS9: ∆Ereac | MT9: =627.5095*(MK7-MK8) -> -19.193346 | MU9: =627.5095*(MR7-MR8) -> -15.782536 | MV9: =627.5095*(MP7-MP8) -> -15.95841 | MW9: =627.5095*(MO7-MO8) -> -17.963817 | MX9: =627.5095*(MN7-MN8) -> -18.051753 | MY9: =627.5095*(MM7-MM8) -> -16.007439 | MZ9: =627.5095*(ML7-ML8) -> -16.183313 | NA9: =MZ9-MV9 -> -0.22490301 | NB9: =MZ9-MX9 -> 1.8684409 | NC9: =LA9-NB9 -> 0.02537853 | NE9: 02_ts | NF9: -1684.9789 | NG9: -1689.6655 | NH9: -1689.6209 | NI9: -1689.4468 | NJ9: -1689.4244 | NK9: -1689.2899 | NL9: -0.044638002 | NM9: =NK9-NL9 -> -1689.2453 | NN9: ∆Ereac | NO9: =627.5095*(NF7-NF8) -> -19.193346 | NP9: =627.5095*(NM7-NM8) -> -15.892956 | NQ9: =627.5095*(NK7-NK8) -> -16.035707 | NR9: =627.5095*(NJ7-NJ8) -> -18.052109 | NS9: =627.5095*(NI7-NI8) -> -18.123484 | NT9: =627.5095*(NH7-NH8) -> -16.113202 | NU9: =627.5095*(NG7-NG8) -> -16.255953 | NV9: =NU9-NQ9 -> -0.22024587 | NW9: =NU9-NS9 -> 1.8675316 | NX9: =NW9-NB9 -> -0.00090929274 | NZ9: 02_ts | OA9: -1685.0322 | OB9: -1689.9866 | OC9: -1689.9214 | OD9: -1689.742 | OE9: -1689.7093 | OF9: -1689.6319 | OG9: -0.065244175 | OH9: =OF9-OG9 -> -1689.5667 | OI9: ∆Ereac | OJ9: =627.5095*(OA7-OA8) -> -19.144168 | OK9: =627.5095*(OH7-OH8) -> -15.791745 | OL9: =627.5095*(OF7-OF8) -> -16.062432 | OM9: =627.5095*(OE7-OE8) -> -18.135443 | ON9: =627.5095*(OD7-OD8) -> -18.270787 | OO9: =627.5095*(OC7-OC8) -> -16.087939 | OP9: =627.5095*(OB7-OB8) -> -16.358626 | OQ9: =OP9-OL9 -> -0.29619399 | OR9: =OP9-ON9 -> 1.9121608 | OT9: 02_ts | OU9: -1685.0322 | OV9: -1689.9846 | OW9: -1689.9591 | OX9: -1689.7477 | OY9: -1689.7349 | OZ9: -1689.6334 | PA9: -0.025478202 | PB9: -1689.608 | PC9: ∆Ereac | PD9: -19.144168 | PE9: -16.07404 | PF9: -16.174475 | PG9: -18.414002 | PH9: -18.464219 | PI9: -16.405701 | PJ9: -16.506136 | PK9: -0.33166097 | PL9: 1.9580832 | PO9: =OJ9-MT9 -> 0.049178334 | PP9: =ON9-MX9 -> -0.2190335 | PQ9: =PP9-PO9 -> -0.26821184 | PR9: ='LNO-CCSD(T)-def2nZVP'!LB9 -> 0.19248327 | PS9: =PO$2*PO9+PQ$2*PQ9 -> -0.19190153 | PT9: =PR9*PR$2 -> 0.11692739 | PU9: =-'LNO-CCSD(T)-def2nZVP'!FA9+'CCSD(T)'!CI9 -> -0.08498199 | PV9: ='LNO-CCSD(T)-def2nZVP'!KV9+PS9+PT9+PU9 -> -16.531902 | PX9: 0.049178735 | PY9: -0.19999253 | PZ9: -0.24917127 | QA9: 0.19248327 | QB9: -0.17779736 | QC9: 0.11692739 | QD9: -0.08498199 | QE9: -16.517798 | QF9: =QE9-PV9 -> 0.014104171 | QH9: 02_ts | QI9: -1684.9789 | QJ9: -1689.4158 | QK9: -1689.4 | QL9: -1689.2103 | QM9: -1689.2024 | QN9: -1689.0567 | QO9: -0.015783138 | QP9: =QN9-QO9 -> -1689.0409 | QQ9: ∆Ereac | QR9: =627.5095*(QI7-QI8) -> -19.193346 | QS9: =627.5095*(QP7-QP8) -> -17.02774 | QT9: =627.5095*(QN7-QN8) -> -17.090355 | QU9: =627.5095*(QM7-QM8) -> -18.516106 | QV9: =627.5095*(QL7-QL8) -> -18.547413 | QW9: =627.5095*(QK7-QK8) -> -16.705024 | QX9: =627.5095*(QJ7-QJ8) -> -16.767639 | QY9: =QX9-QT9 -> 0.32271604 | QZ9: =QX9-QV9 -> 1.7797748 | RB9: 02_ts | RC9: -1685.0322 | RD9: -1689.684 | RE9: -1689.6604 | RF9: -1689.4603 | RG9: -1689.4485 | RH9: -1689.3558 | RI9: -0.023534893 | RJ9: =RH9-RI9 -> -1689.3322 | RK9: ∆Ereac | RL9: =627.5095*(RC7-RC8) -> -19.144168 | RM9: =627.5095*(RJ7-RJ8) -> -17.069233 | RN9: =627.5095*(RH7-RH8) -> -17.131796 | RO9: =627.5095*(RG7-RG8) -> -18.715601 | RP9: =627.5095*(RF7-RF8) -> -18.746883 | RQ9: =627.5095*(RE7-RE8) -> -16.868011 | RR9: =627.5095*(RD7-RD8) -> -16.930574 | RS9: =RR9-RN9 -> 0.2012218 | RT9: =RR9-RP9 -> 1.8163084
A10: 0.91 | C10: 03_end | D10: -1266.7434 | E10: -1268.5164 | F10: -1268.5137 | G10: -1268.4313 | H10: -1268.4299 | I10: -1268.384 | J10: -1268.3813 | K10: ∆E#fwd | L10: =627.5095*(D12-D11) -> 3.1414103 | M10: =627.5095*(J12-J11) -> 1.2150983 | N10: =627.5095*(I12-I11) -> 1.2853977 | O10: =627.5095*(H12-H11) -> 1.7168538 | P10: =627.5095*(G12-G11) -> 1.7520035 | Q10: =627.5095*(F12-F11) -> 1.2039952 | R10: =627.5095*(E12-E11) -> 1.2742946 | S10: =R10-N10 -> -0.011103115 | T10: =R10-P10 -> -0.47770894 | V10: =L10-'CCSD(T)'!BV10 -> 0.0031935841 | W10: =N10-'CCSD(T)'!BW10 -> 0.023403221 | X10: =P10-'CCSD(T)'!BX10 -> 0.0011584299 | Y10: =R10-'CCSD(T)'!BY10 -> 0.01987176 | Z10: =R10-'DLPNO-CCSD(T1 or T0)'!CT9 -> -0.030816621 | AA10: =X10-V10 -> -0.0020351542 | AB10: =Y10-X10 -> 0.01871333 | AD10: 03_end | AE10: -1266.7434 | AF10: -1268.5164 | AG10: -1268.5137 | AH10: -1268.4313 | AI10: -1268.4299 | AJ10: -1268.384 | AK10: -1268.3813 | AL10: ∆E#fwd | AM10: =627.5095*(AE12-AE11) -> 3.1414103 | AN10: =627.5095*(AK12-AK11) -> 1.2157252 | AO10: =627.5095*(AJ12-AJ11) -> 1.2855239 | AP10: =627.5095*(AI12-AI11) -> 1.7176187 | AQ10: =627.5095*(AH12-AH11) -> 1.7525181 | AR10: =627.5095*(AG12-AG11) -> 1.2048015 | AS10: =627.5095*(AF12-AF11) -> 1.2746003 | AT10: =AS10-AO10 -> -0.010923641 | AU10: =AS10-AQ10 -> -0.47791784 | AW10: =AM10-'CCSD(T)'!BV10 -> 0.0031935841 | AX10: =AO10-'CCSD(T)'!BW10 -> 0.023529432 | AY10: =AQ10-'CCSD(T)'!BX10 -> 0.0016730128 | AZ10: =AS10-'CCSD(T)'!BY10 -> 0.020177445 | BA10: =AS10-'DLPNO-CCSD(T1 or T0)'!CT9 -> -0.030510936 | BB10: =AY10-AW10 -> -0.0015205713 | BC10: =AZ10-AY10 -> 0.018504433 | BE10: 03_end | BF10: -1266.7434 | BG10: -1268.5162 | BH10: -1268.5081 | BI10: -1268.4307 | BJ10: -1268.4267 | BK10: -1268.3838 | BL10: -0.0080201731 | BM10: =BK10-BL10 -> -1268.3757 | BN10: ∆E#fwd | BO10: =627.5095*(BF12-BF11) -> 3.1414103 | BP10: =627.5095*(BM12-BM11) -> 1.2755405 | BQ10: =627.5095*(BK12-BK11) -> 1.2478995 | BR10: =627.5095*(BJ12-BJ11) -> 1.7400117 | BS10: =627.5095*(BI12-BI11) -> 1.7261912 | BT10: =627.5095*(BH12-BH11) -> 1.2585765 | BU10: =627.5095*(BG12-BG11) -> 1.2309355 | BV10: =BU10-BQ10 -> -0.016964004 | BW10: =BU10-BS10 -> -0.49525574 | BX10: =AU10-BW10 -> 0.017337893 | BY10: =BO10-'CCSD(T)'!BV10 -> 0.0031935841 | BZ10: =BQ10-'CCSD(T)'!BW10 -> -0.014094964 | CA10: =BS10-'CCSD(T)'!BX10 -> -0.024653853 | CB10: =BU10-'CCSD(T)'!BY10 -> -0.023487314 | CC10: =BU10-'DLPNO-CCSD(T1 or T0)'!CT9 -> -0.074175695 | CD10: =CA10-BY10 -> -0.027847437 | CE10: =CB10-CA10 -> 0.0011665395 | CG10: 03_end | CH10: -1266.7434 | CI10: -1268.5162 | CJ10: -1268.5082 | CK10: -1268.4308 | CL10: -1268.4267 | CM10: -1268.3838 | CN10: -0.0080137529 | CO10: =CM10-CN10 -> -1268.3758 | CP10: ∆E#fwd | CQ10: =627.5095*(CH12-CH11) -> 3.1414103 | CR10: =627.5095*(CO12-CO11) -> 1.2636679 | CS10: =627.5095*(CM12-CM11) -> 1.2527639 | CT10: =627.5095*(CL12-CL11) -> 1.7294845 | CU10: =627.5095*(CK12-CK11) -> 1.7240325 | CV10: =627.5095*(CJ12-CJ11) -> 1.2445805 | CW10: =627.5095*(CI12-CI11) -> 1.2336764 | CX10: =CW10-CS10 -> -0.019087459 | CY10: =CW10-CU10 -> -0.49035611 | CZ10: =CY10-BW10 -> 0.0048996255 | DA10: =CQ10-'CCSD(T)'!BV10 -> 0.0031935841 | DB10: =CS10-'CCSD(T)'!BW10 -> -0.0092306175 | DC10: =CU10-'CCSD(T)'!BX10 -> -0.026812586 | DD10: =CW10-'CCSD(T)'!BY10 -> -0.020746421 | DE10: =CW10-'DLPNO-CCSD(T1 or T0)'!CT9 -> -0.071434803 | DF10: =DC10-DA10 -> -0.030006171 | DG10: =DD10-DC10 -> 0.0060661651 | DI10: 03_end | DJ10: -1266.7434 | DK10: -1268.5164 | DL10: -1268.5159 | DM10: -1268.4314 | DN10: -1268.4311 | DO10: -1268.3841 | DP10: -0.00047221903 | DQ10: =DO10-DP10 -> -1268.3837 | DR10: ∆E#fwd | DS10: =627.5095*(DJ12-DJ11) -> 3.1414103 | DT10: =627.5095*(DQ12-DQ11) -> 1.2745767 | DU10: =627.5095*(DO12-DO11) -> 1.2730251 | DV10: =627.5095*(DN12-DN11) -> 1.7650355 | DW10: =627.5095*(DM12-DM11) -> 1.7642597 | DX10: =627.5095*(DL12-DL11) -> 1.2643972 | DY10: =627.5095*(DK12-DK11) -> 1.2628456 | DZ10: =DY10-DU10 -> -0.01017949 | EA10: =DY10-DW10 -> -0.50141407 | EB10: =EA10-T10 -> -0.023705125 | EC10: =DS10-'CCSD(T)'!BV10 -> 0.0031935652 | ED10: =DU10-'CCSD(T)'!BW10 -> 0.011030641 | EE10: =DW10-'CCSD(T)'!BX10 -> 0.0134146 | EF10: =DY10-'CCSD(T)'!BY10 -> 0.0084228057 | EG10: =DY10-'DLPNO-CCSD(T1 or T0)'!CT9 -> -0.042265576 | EH10: =EE10-EC10 -> 0.010221035 | EI10: =EF10-EE10 -> -0.0049917947 | EK10: 03_end | EL10: -1266.8032 | EM10: -1268.7102 | EN10: -1268.7073 | EO10: -1268.6177 | EP10: -1268.6162 | EQ10: -1268.5702 | ER10: -0.0029318757 | ES10: =EQ10-ER10 -> -1268.5672 | ET10: ∆E#fwd | EU10: =627.5095*(EL12-EL11) -> 3.0053201 | EV10: =627.5095*(ES12-ES11) -> 0.77281229 | EW10: =627.5095*(EQ12-EQ11) -> 0.82004571 | EX10: =627.5095*(EP12-EP11) -> 1.4417508 | EY10: =627.5095*(EO12-EO11) -> 1.4653675 | EZ10: =627.5095*(EN12-EN11) -> 0.90327684 | FA10: =627.5095*(EM12-EM11) -> 0.95051026 | FB10: =FA10-EW10 -> 0.13046455 | FC10: =FA10-EY10 -> -0.51485723 | FD10: =EU10-'CCSD(T)'!BB10 -> -0.00035519544 | FE10: =EW10-'CCSD(T)'!BC10 -> -0.012107353 | FF10: =EY10-'CCSD(T)'!CH10 -> -0.018699677 | FG10: =FA10-'CCSD(T)'!CI10 -> -0.0061690908 | FH10: =FA10-'DLPNO-CCSD(T1 or T0)'!AF9 -> -0.012610142 | FI10: =FF10-FD10 -> -0.018344482 | FJ10: =FG10-FF10 -> 0.012530587 | FL10: 03_end | FM10: -1266.8032 | FN10: -1268.7102 | FO10: -1268.7073 | FP10: -1268.6177 | FQ10: -1268.6162 | FR10: -1268.5702 | FS10: -0.0029290856 | FT10: =FR10-FS10 -> -1268.5672 | FU10: ∆E#fwd | FV10: =627.5095*(FM12-FM11) -> 3.0053201 | FW10: =627.5095*(FT12-FT11) -> 0.77300627 | FX10: =627.5095*(FR12-FR11) -> 0.82014548 | FY10: =627.5095*(FQ12-FQ11) -> 1.4419509 | FZ10: =627.5095*(FP12-FP11) -> 1.4655205 | GA10: =627.5095*(FO12-FO11) -> 0.90344587 | GB10: =627.5095*(FN12-FN11) -> 0.95058508 | GC10: =GB10-FX10 -> 0.1304396 | GD10: =GB10-FZ10 -> -0.51493544 | GE10: =LA10-GD10 -> -0.11366566 | GF10: =FV10-'CCSD(T)'!BB10 -> -0.00035519544 | GG10: =FX10-'CCSD(T)'!BC10 -> -0.012007579 | GH10: =FZ10-'CCSD(T)'!BD10 -> -0.018546647 | GI10: =GB10-'CCSD(T)'!BE10 -> -0.0060942729 | GJ10: =GB10-'DLPNO-CCSD(T1 or T0)'!O9 -> 0.00059405688 | GK10: =GH10-GF10 -> -0.018191451 | GL10: =GI10-GH10 -> 0.012452374 | GN10: 03_end | GO10: -1266.8032 | GP10: -1268.7097 | GQ10: -1268.7005 | GR10: -1268.6169 | GS10: -1268.6124 | GT10: -1268.5699 | GU10: -0.0091828192 | GV10: =GT10-GU10 -> -1268.5607 | GW10: ∆E#fwd | GX10: =627.5095*(GO12-GO11) -> 3.0053201 | GY10: =627.5095*(GV12-GV11) -> 0.79626776 | GZ10: =627.5095*(GT12-GT11) -> 0.83594899 | HA10: =627.5095*(GS12-GS11) -> 1.4436608 | HB10: =627.5095*(GR12-GR11) -> 1.4635015 | HC10: =627.5095*(GQ12-GQ11) -> 0.93487359 | HD10: =627.5095*(GP12-GP11) -> 0.97455482 | HE10: =HD10-GZ10 -> 0.13860583 | HF10: =HD10-HB10 -> -0.48894663 | HG10: =GD10-HF10 -> -0.025988814 | HH10: =GX10-'CCSD(T)'!BB10 -> -0.00035519544 | HI10: =GZ10-'CCSD(T)'!BC10 -> 0.0037959276 | HJ10: =HB10-'CCSD(T)'!BD10 -> -0.020565721 | HK10: =HD10-'CCSD(T)'!BE10 -> 0.017875467 | HL10: =HD10-'DLPNO-CCSD(T1 or T0)'!CT9 -> -0.33055638 | HM10: =HJ10-HH10 -> -0.020210526 | HN10: =HK10-HJ10 -> 0.038441188 | HP10: 03_end | HQ10: -1266.8032 | HR10: -1268.7097 | HS10: -1268.7005 | HT10: -1268.617 | HU10: -1268.6124 | HV10: -1268.5699 | HW10: -0.0091589272 | HX10: =HV10-HW10 -> -1268.5608 | HY10: ∆E#fwd | HZ10: =627.5095*(HQ12-HQ11) -> 3.0053201 | IA10: =627.5095*(HX12-HX11) -> 0.78469453 | IB10: =627.5095*(HV12-HV11) -> 0.83804966 | IC10: =627.5095*(HU12-HU11) -> 1.4404089 | ID10: =627.5095*(HT12-HT11) -> 1.4670865 | IE10: =627.5095*(HS12-HS11) -> 0.92897849 | IF10: =627.5095*(HR12-HR11) -> 0.98233362 | IG10: =IF10-IB10 -> 0.14428396 | IH10: =IF10-ID10 -> -0.48475286 | II10: =IH10-HF10 -> 0.0041937716 | IJ10: =HZ10-'CCSD(T)'!BB10 -> -0.00035520172 | IK10: =IB10-'CCSD(T)'!BC10 -> 0.0058965972 | IL10: =ID10-'CCSD(T)'!BD10 -> -0.016980697 | IM10: =IF10-'CCSD(T)'!BE10 -> 0.025654263 | IN10: =IF10-'DLPNO-CCSD(T1 or T0)'!CT9 -> -0.32277758 | IO10: =IL10-IJ10 -> -0.016625495 | IP10: =IM10-IL10 -> 0.04263496 | IR10: 03_end | IS10: -1266.8032 | IT10: -1268.7106 | IU10: -1268.71 | IV10: -1268.6179 | IW10: -1268.6176 | IX10: -1268.5703 | IY10: -0.0006314087 | IZ10: =IX10-IY10 -> -1268.5697 | JA10: ∆E#fwd | JB10: =627.5095*(IS12-IS11) -> 3.0053201 | JC10: =627.5095*(IZ12-IZ11) -> 0.84439525 | JD10: =627.5095*(IX12-IX11) -> 0.83815857 | JE10: =627.5095*(IW12-IW11) -> 1.5007884 | JF10: =627.5095*(IV12-IV11) -> 1.4976701 | JG10: =627.5095*(IU12-IU11) -> 0.97523407 | JH10: =627.5095*(IT12-IT11) -> 0.96899739 | JI10: =JH10-JD10 -> 0.13083882 | JJ10: =JH10-JF10 -> -0.52867273 | JK10: =JJ10-FC10 -> -0.013815494 | JL10: =JB10-'CCSD(T)'!BB10 -> -0.00035519544 | JM10: =JD10-'CCSD(T)'!BC10 -> 0.0060055015 | JN10: =JF10-'CCSD(T)'!BD10 -> 0.013602943 | JO10: =JH10-'CCSD(T)'!BE10 -> 0.012318036 | JP10: =JH10-'DLPNO-CCSD(T1 or T0)'!CT9 -> -0.33611381 | JQ10: =JN10-JL10 -> 0.013958138 | JR10: =JO10-JN10 -> -0.0012849073 | JT10: -1269.829 | JU10: -1269.4555 | JV10: -1269.4522 | JX10: 03_end | JY10: -1267.3903 | JZ10: -1269.7425 | KA10: -1269.7363 | KB10: -1269.6124 | KC10: -1269.6093 | KD10: -1269.5964 | KE10: -0.0062031697 | KF10: =KD10-KE10 -> -1269.5902 | KG10: -1269.5291 | KH10: -1269.5291 | KI10: -1269.6525 | KJ10: -0.58550151 | KK10: -1.6206964 | KL10: =1.2*KK10+(1/3)*KJ10+JY10 -> -1269.5303 | KM10: =1.3*KK10+JY10 -> -1269.4972 | KN10: =627.5095*(JY12-JY11) -> 3.3737503 | KO10: =627.5095*(KF12-KF11) -> 0.58100196 | KP10: =627.5095*(KL12-KL11) -> 1.2470169 | KQ10: =627.5095*(KM12-KM11) -> 1.585715 | KR10: =627.5095*(KD12-KD11) -> 0.56524161 | KS10: =627.5095*(KC12-KC11) -> 1.6162784 | KT10: =627.5095*(KB12-KB11) -> 1.6083982 | KU10: =627.5095*(KA12-KA11) -> 0.99555748 | KV10: =627.5095*(JZ12-JZ11) -> 0.97979713 | KW10: =KV10-KR10 -> 0.41455552 | KX10: =627.5095*(JT12-JT11) -> 1.0501144 | KY10: =627.5095*(JU12-JU11) -> 1.2181746 | KZ10: =627.5095*(JV12-JV11) -> 1.2271675 | LA10: =KV10-KT10 -> -0.6286011 | LB10: =LA10-GD10 -> -0.11366566 | LC10: =KN10-'PNO-LCCSD(T)'!AB9 -> 2.2188604e-05 | LD10: =KV10-GB10 -> 0.029212048 | LE10: =KX10-KV10 -> 0.07031724 | LF10: =KY10-KX10 -> 0.16806024 | LG10: =AD10 -> 03_end | LH10: =627.5095*(KG12-KG11) -> 1.5401888 | LI10: =KS10-LH10 -> 0.076089599 | LJ10: =KT10-LH10 -> 0.068209423 | LK10: =627.5095*(KI12-KI11) -> 0.97466407 | LL10: =KU10-LK10 -> 0.020893406 | LM10: =KV10-LK10 -> 0.0051330592 | LN10: =AP10-KS10 -> 0.10134033 | LP10: 03_end | LQ10: -1267.3903 | LR10: -1269.7425 | LS10: -1269.7363 | LT10: -1269.6124 | LU10: -1269.6093 | LV10: -1269.5964 | LW10: -0.0062060454 | LX10: =LV10-LW10 -> -1269.5902 | LY10: ∆E#fwd | LZ10: =627.5095*(LQ12-LQ11) -> 3.3737503 | MA10: =627.5095*(LX12-LX11) -> 0.57638837 | MB10: =627.5095*(LV12-LV11) -> 0.565277 | MC10: =627.5095*(LU12-LU11) -> 1.613515 | MD10: =627.5095*(LT12-LT11) -> 1.6079593 | ME10: =627.5095*(LS12-LS11) -> 0.99021472 | MF10: =627.5095*(LR12-LR11) -> 0.97910336 | MG10: =MF10-MB10 -> 0.41382636 | MH10: =MF10-MD10 -> -0.62885595 | MJ10: 03_end | MK10: -1267.3903 | ML10: -1269.7416 | MM10: -1269.7247 | MN10: -1269.6113 | MO10: -1269.6028 | MP10: -1269.5962 | MQ10: -0.016950514 | MR10: =MP10-MQ10 -> -1269.5792 | MS10: ∆E#fwd | MT10: =627.5095*(MK12-MK11) -> 3.3737503 | MU10: =627.5095*(MR12-MR11) -> 0.62454173 | MV10: =627.5095*(MP12-MP11) -> 0.57319437 | MW10: =627.5095*(MO12-MO11) -> 1.6109098 | MX10: =627.5095*(MN12-MN11) -> 1.5852361 | MY10: =627.5095*(MM12-MM11) -> 1.0238284 | MZ10: =627.5095*(ML12-ML11) -> 0.97248109 | NA10: =MZ10-MV10 -> 0.39928672 | NB10: =MZ10-MX10 -> -0.61275499 | NC10: =LA10-NB10 -> -0.015846115 | NE10: 03_end | NF10: -1267.3903 | NG10: -1269.7417 | NH10: -1269.7247 | NI10: -1269.6113 | NJ10: -1269.6029 | NK10: -1269.5962 | NL10: -0.016942069 | NM10: =NK10-NL10 -> -1269.5793 | NN10: ∆E#fwd | NO10: =627.5095*(NF12-NF11) -> 3.3737503 | NP10: =627.5095*(NM12-NM11) -> 0.60277584 | NQ10: =627.5095*(NK12-NK11) -> 0.56791571 | NR10: =627.5095*(NJ12-NJ11) -> 1.5976828 | NS10: =627.5095*(NI12-NI11) -> 1.5802527 | NT10: =627.5095*(NH12-NH11) -> 1.0051199 | NU10: =627.5095*(NG12-NG11) -> 0.97025974 | NV10: =NU10-NQ10 -> 0.40234404 | NW10: =NU10-NS10 -> -0.60999296 | NX10: =NW10-NB10 -> 0.0027620272 | NZ10: 03_end | OA10: -1267.423 | OB10: -1269.9094 | OC10: -1269.8826 | OD10: -1269.766 | OE10: -1269.7526 | OF10: -1269.7738 | OG10: -0.026795244 | OH10: =OF10-OG10 -> -1269.747 | OI10: ∆E#fwd | OJ10: =627.5095*(OA12-OA11) -> 3.3694316 | OK10: =627.5095*(OH12-OH11) -> 0.62816888 | OL10: =627.5095*(OF12-OF11) -> 0.53302201 | OM10: =627.5095*(OE12-OE11) -> 1.6365191 | ON10: =627.5095*(OD12-OD11) -> 1.5889457 | OO10: =627.5095*(OC12-OC11) -> 1.0379583 | OP10: =627.5095*(OB12-OB11) -> 0.94281143 | OQ10: =OP10-OL10 -> 0.40978942 | OR10: =OP10-ON10 -> -0.64613425 | OT10: 03_end | OU10: -1267.423 | OV10: -1269.9095 | OW10: -1269.8996 | OX10: -1269.7682 | OY10: -1269.7632 | OZ10: -1269.7742 | PA10: -0.0098432221 | PB10: -1269.7643 | PC10: ∆E#fwd | PD10: 3.3694316 | PE10: 0.61813273 | PF10: 0.53406461 | PG10: 1.6381826 | PH10: 1.5961486 | PI10: 1.0295856 | PJ10: 0.94551745 | PK10: 0.41145285 | PL10: -0.6506311 | PO10: =OJ10-MT10 -> -0.0043186395 | PP10: =ON10-MX10 -> 0.0037095978 | PQ10: =PP10-PO10 -> 0.0080282373 | PR10: ='LNO-CCSD(T)-def2nZVP'!LB10 -> -0.11366566 | PS10: =PO$2*PO10+PQ$2*PQ10 -> 0.0053519942 | PT10: =PR10*PR$2 -> -0.069048227 | PU10: =-'LNO-CCSD(T)-def2nZVP'!FA10+'CCSD(T)'!CI10 -> 0.0061690908 | PV10: ='LNO-CCSD(T)-def2nZVP'!KV10+PS10+PT10+PU10 -> 0.92226999 | PX10: -0.0043186521 | PY10: -0.011810758 | PZ10: -0.0074921057 | QA10: -0.11366566 | QB10: -0.0061445493 | QC10: -0.069048227 | QD10: 0.0061690908 | QE10: 0.91077344 | QF10: =QE10-PV10 -> -0.011496544 | QH10: 03_end | QI10: -1267.3903 | QJ10: -1269.4475 | QK10: -1269.4424 | QL10: -1269.3297 | QM10: -1269.3272 | QN10: -1269.3142 | QO10: -0.0050684041 | QP10: =QN10-QO10 -> -1269.3091 | QQ10: ∆E#fwd | QR10: =627.5095*(QI12-QI11) -> 3.3737503 | QS10: =627.5095*(QP12-QP11) -> 0.93676012 | QT10: =627.5095*(QN12-QN11) -> 0.90543154 | QU10: =627.5095*(QM12-QM11) -> 1.7850157 | QV10: =627.5095*(QL12-QL11) -> 1.7693515 | QW10: =627.5095*(QK12-QK11) -> 1.2535676 | QX10: =627.5095*(QJ12-QJ11) -> 1.2222391 | QY10: =QX10-QT10 -> 0.31680753 | QZ10: =QX10-QV10 -> -0.54711238 | RB10: 03_end | RC10: -1267.423 | RD10: -1269.5814 | RE10: -1269.5729 | RF10: -1269.4547 | RG10: -1269.4504 | RH10: -1269.4619 | RI10: -0.0085261514 | RJ10: =RH10-RI10 -> -1269.4534 | RK10: ∆E#fwd | RL10: =627.5095*(RC12-RC11) -> 3.3694315 | RM10: =627.5095*(RJ12-RJ11) -> 0.97208059 | RN10: =627.5095*(RH12-RH11) -> 0.90809031 | RO10: =627.5095*(RG12-RG11) -> 1.8171773 | RP10: =627.5095*(RF12-RF11) -> 1.7851821 | RQ10: =627.5095*(RE12-RE11) -> 1.2818796 | RR10: =627.5095*(RD12-RD11) -> 1.2178893 | RS10: =RR10-RN10 -> 0.30979898 | RT10: =RR10-RP10 -> -0.56729282
A11: 27.21 | C11: 03_start | D11: -1266.6746 | E11: -1268.4753 | F11: -1268.4724 | G11: -1268.382 | H11: -1268.3805 | I11: -1268.3533 | J11: -1268.3504 | K11: ∆E#rev | L11: =627.5095*(D12-D10) -> 46.26469 | M11: =627.5095*(J12-J10) -> 20.63377 | N11: =627.5095*(I12-I10) -> 20.577784 | O11: =627.5095*(H12-H10) -> 32.716458 | P11: =627.5095*(G12-G10) -> 32.688465 | Q11: =627.5095*(F12-F10) -> 27.116905 | R11: =627.5095*(E12-E10) -> 27.060919 | S11: =R11-N11 -> 6.4831356 | T11: =R11-P11 -> -5.6275453 | V11: =L11-'CCSD(T)'!BV11 -> 0.0016471748 | W11: =N11-'CCSD(T)'!BW11 -> -0.095098301 | X11: =P11-'CCSD(T)'!BX11 -> -0.15077648 | Y11: =R11-'CCSD(T)'!BY11 -> -0.19357469 | Z11: =R11-'DLPNO-CCSD(T1 or T0)'!CT10 -> 0.27281239 | AA11: =X11-V11 -> -0.15242365 | AB11: =Y11-X11 -> -0.042798217 | AD11: 03_start | AE11: -1266.6746 | AF11: -1268.4753 | AG11: -1268.4724 | AH11: -1268.382 | AI11: -1268.3805 | AJ11: -1268.3533 | AK11: -1268.3504 | AL11: ∆E#rev | AM11: =627.5095*(AE12-AE10) -> 46.26469 | AN11: =627.5095*(AK12-AK10) -> 20.637235 | AO11: =627.5095*(AJ12-AJ10) -> 20.578037 | AP11: =627.5095*(AI12-AI10) -> 32.720456 | AQ11: =627.5095*(AH12-AH10) -> 32.690856 | AR11: =627.5095*(AG12-AG10) -> 27.122358 | AS11: =627.5095*(AF12-AF10) -> 27.06316 | AT11: =AS11-AO11 -> 6.4851227 | AU11: =AS11-AQ11 -> -5.6276967 | AW11: =AM11-'CCSD(T)'!BV11 -> 0.001647181 | AX11: =AO11-'CCSD(T)'!BW11 -> -0.094845076 | AY11: =AQ11-'CCSD(T)'!BX11 -> -0.14838479 | AZ11: =AS11-'CCSD(T)'!BY11 -> -0.19133439 | BA11: =AS11-'DLPNO-CCSD(T1 or T0)'!CT10 -> 0.27505269 | BB11: =AY11-AW11 -> -0.15003197 | BC11: =AZ11-AY11 -> -0.042949598 | BE11: 03_start | BF11: -1266.6746 | BG11: -1268.4753 | BH11: -1268.4666 | BI11: -1268.3813 | BJ11: -1268.377 | BK11: -1268.3531 | BL11: -0.0086650807 | BM11: =BK11-BL11 -> -1268.3445 | BN11: ∆E#rev | BO11: =627.5095*(BF12-BF10) -> 46.26469 | BP11: =627.5095*(BM12-BM10) -> 20.894452 | BQ11: =627.5095*(BK12-BK10) -> 20.462126 | BR11: =627.5095*(BJ12-BJ10) -> 32.937308 | BS11: =627.5095*(BI12-BI10) -> 32.721145 | BT11: =627.5095*(BH12-BH10) -> 27.329311 | BU11: =627.5095*(BG12-BG10) -> 26.896985 | BV11: =BU11-BQ11 -> 6.4348589 | BW11: =BU11-BS11 -> -5.8241601 | BX11: =AU11-BW11 -> 0.19646335 | BY11: =BO11-'CCSD(T)'!BV11 -> 0.0016471748 | BZ11: =BQ11-'CCSD(T)'!BW11 -> -0.21075618 | CA11: =BS11-'CCSD(T)'!BX11 -> -0.11809636 | CB11: =BU11-'CCSD(T)'!BY11 -> -0.35750932 | CC11: =BU11-'DLPNO-CCSD(T1 or T0)'!CT10 -> 0.10887777 | CD11: =CA11-BY11 -> -0.11974354 | CE11: =CB11-CA11 -> -0.23941295 | CG11: 03_start | CH11: -1266.6746 | CI11: -1268.4753 | CJ11: -1268.4666 | CK11: -1268.3814 | CL11: -1268.377 | CM11: -1268.3532 | CN11: -0.0086531327 | CO11: =CM11-CN11 -> -1268.3445 | CP11: ∆E#rev | CQ11: =627.5095*(CH12-CH10) -> 46.26469 | CR11: =627.5095*(CO12-CO10) -> 20.871655 | CS11: =627.5095*(CM12-CM10) -> 20.459534 | CT11: =627.5095*(CL12-CL10) -> 32.915703 | CU11: =627.5095*(CK12-CK10) -> 32.709643 | CV11: =627.5095*(CJ12-CJ10) -> 27.306899 | CW11: =627.5095*(CI12-CI10) -> 26.894778 | CX11: =CW11-CS11 -> 6.435244 | CY11: =CW11-CU11 -> -5.8148642 | CZ11: =CY11-BW11 -> 0.0092958816 | DA11: =CQ11-'CCSD(T)'!BV11 -> 0.001647181 | DB11: =CS11-'CCSD(T)'!BW11 -> -0.2133477 | DC11: =CU11-'CCSD(T)'!BX11 -> -0.12959863 | DD11: =CW11-'CCSD(T)'!BY11 -> -0.3597157 | DE11: =CW11-'DLPNO-CCSD(T1 or T0)'!CT10 -> 0.10667138 | DF11: =DC11-DA11 -> -0.13124581 | DG11: =DD11-DC11 -> -0.23011707 | DI11: 03_start | DJ11: -1266.6746 | DK11: -1268.4751 | DL11: -1268.4746 | DM11: -1268.3819 | DN11: -1268.3817 | DO11: -1268.3533 | DP11: -0.00048730457 | DQ11: =DO11-DP11 -> -1268.3528 | DR11: ∆E#rev | DS11: =627.5095*(DJ12-DJ10) -> 46.26469 | DT11: =627.5095*(DQ12-DQ10) -> 20.631484 | DU11: =627.5095*(DO12-DO10) -> 20.620466 | DV11: =627.5095*(DN12-DN10) -> 32.774537 | DW11: =627.5095*(DM12-DM10) -> 32.769028 | DX11: =627.5095*(DL12-DL10) -> 27.177928 | DY11: =627.5095*(DK12-DK10) -> 27.166911 | DZ11: =DY11-DU11 -> 6.5464446 | EA11: =DY11-DW11 -> -5.6021174 | EB11: =EA11-T11 -> 0.025427902 | EC11: =DS11-'CCSD(T)'!BV11 -> 0.0016471622 | ED11: =DU11-'CCSD(T)'!BW11 -> -0.05241609 | EE11: =DW11-'CCSD(T)'!BX11 -> -0.070213166 | EF11: =DY11-'CCSD(T)'!BY11 -> -0.087583481 | EG11: =DY11-'DLPNO-CCSD(T1 or T0)'!CT10 -> 0.3788036 | EH11: =EE11-EC11 -> -0.071860328 | EI11: =EF11-EE11 -> -0.017370315 | EK11: 03_start | EL11: -1266.7348 | EM11: -1268.669 | EN11: -1268.6659 | EO11: -1268.5683 | EP11: -1268.5668 | EQ11: -1268.5386 | ER11: -0.0031068479 | ES11: =EQ11-ER11 -> -1268.5355 | ET11: ∆E#rev | EU11: =627.5095*(EL12-EL10) -> 45.944786 | EV11: =627.5095*(ES12-ES10) -> 20.689411 | EW11: =627.5095*(EQ12-EQ10) -> 20.626848 | EX11: =627.5095*(EP12-EP10) -> 32.458573 | EY11: =627.5095*(EO12-EO10) -> 32.427291 | EZ11: =627.5095*(EN12-EN10) -> 26.899261 | FA11: =627.5095*(EM12-EM10) -> 26.836698 | FB11: =FA11-EW11 -> 6.2098495 | FC11: =FA11-EY11 -> -5.5905938 | FD11: =EU11-'CCSD(T)'!BB11 -> -0.00013337717 | FE11: =EW11-'CCSD(T)'!BC11 -> -0.04328984 | FF11: =EY11-'CCSD(T)'!CH11 -> -0.16110889 | FG11: =FA11-'CCSD(T)'!CI11 -> -0.23898252 | FH11: =FA11-'DLPNO-CCSD(T1 or T0)'!AF10 -> 0.31421972 | FI11: =FF11-FD11 -> -0.16097552 | FJ11: =FG11-FF11 -> -0.077873625 | FL11: 03_start | FM11: -1266.7348 | FN11: -1268.669 | FO11: -1268.6659 | FP11: -1268.5683 | FQ11: -1268.5668 | FR11: -1268.5386 | FS11: -0.0031067855 | FT11: =FR11-FS11 -> -1268.5355 | FU11: ∆E#rev | FV11: =627.5095*(FM12-FM10) -> 45.944786 | FW11: =627.5095*(FT12-FT10) -> 20.691529 | FX11: =627.5095*(FR12-FR10) -> 20.62716 | FY11: =627.5095*(FQ12-FQ10) -> 32.459192 | FZ11: =627.5095*(FP12-FP10) -> 32.427007 | GA11: =627.5095*(FO12-FO10) -> 26.903904 | GB11: =627.5095*(FN12-FN10) -> 26.839535 | GC11: =GB11-FX11 -> 6.2123749 | GD11: =GB11-FZ11 -> -5.5874724 | GE11: =LA11-GD11 -> 0.030465373 | GF11: =FV11-'CCSD(T)'!BB11 -> -0.0001333709 | GG11: =FX11-'CCSD(T)'!BC11 -> -0.042978143 | GH11: =FZ11-'CCSD(T)'!BD11 -> -0.1613933 | GI11: =GB11-'CCSD(T)'!BE11 -> -0.2361455 | GJ11: =GB11-'DLPNO-CCSD(T1 or T0)'!O10 -> 0.12382711 | GK11: =GH11-GF11 -> -0.16125993 | GL11: =GI11-GH11 -> -0.074752192 | GN11: 03_start | GO11: -1266.7348 | GP11: -1268.6688 | GQ11: -1268.6591 | GR11: -1268.5676 | GS11: -1268.5628 | GT11: -1268.5385 | GU11: -0.0096778406 | GV11: =GT11-GU11 -> -1268.5288 | GW11: ∆E#rev | GX11: =627.5095*(GO12-GO10) -> 45.944786 | GY11: =627.5095*(GV12-GV10) -> 20.82174 | GZ11: =627.5095*(GT12-GT10) -> 20.550791 | HA11: =627.5095*(GS12-GS10) -> 32.570407 | HB11: =627.5095*(GR12-GR10) -> 32.434933 | HC11: =627.5095*(GQ12-GQ10) -> 26.914242 | HD11: =627.5095*(GP12-GP10) -> 26.643293 | HE11: =HD11-GZ11 -> 6.0925024 | HF11: =HD11-HB11 -> -5.7916397 | HG11: =GD11-HF11 -> 0.20416732 | HH11: =GX11-'CCSD(T)'!BB11 -> -0.0001333709 | HI11: =GZ11-'CCSD(T)'!BC11 -> -0.11934714 | HJ11: =HB11-'CCSD(T)'!BD11 -> -0.15346747 | HK11: =HD11-'CCSD(T)'!BE11 -> -0.43238698 | HL11: =HD11-'DLPNO-CCSD(T1 or T0)'!CT10 -> -0.14481391 | HM11: =HJ11-HH11 -> -0.1533341 | HN11: =HK11-HJ11 -> -0.27891951 | HP11: 03_start | HQ11: -1266.7348 | HR11: -1268.6688 | HS11: -1268.6591 | HT11: -1268.5676 | HU11: -1268.5628 | HV11: -1268.5385 | HW11: -0.0096601105 | HX11: =HV11-HW11 -> -1268.5288 | HY11: ∆E#rev | HZ11: =627.5095*(HQ12-HQ10) -> 45.944786 | IA11: =627.5095*(HX12-HX10) -> 20.813448 | IB11: =627.5095*(HV12-HV10) -> 20.552306 | IC11: =627.5095*(HU12-HU10) -> 32.567138 | ID11: =627.5095*(HT12-HT10) -> 32.436567 | IE11: =627.5095*(HS12-HS10) -> 26.913196 | IF11: =627.5095*(HR12-HR10) -> 26.652054 | IG11: =IF11-IB11 -> 6.0997477 | IH11: =IF11-ID11 -> -5.7845133 | II11: =IH11-HF11 -> 0.0071264309 | IJ11: =HZ11-'CCSD(T)'!BB11 -> -0.0001333709 | IK11: =IB11-'CCSD(T)'!BC11 -> -0.11783158 | IL11: =ID11-'CCSD(T)'!BD11 -> -0.15183298 | IM11: =IF11-'CCSD(T)'!BE11 -> -0.42362606 | IN11: =IF11-'DLPNO-CCSD(T1 or T0)'!CT10 -> -0.13605299 | IO11: =IL11-IJ11 -> -0.15169961 | IP11: =IM11-IL11 -> -0.27179308 | IR11: 03_start | IS11: -1266.7348 | IT11: -1268.6692 | IU11: -1268.6686 | IV11: -1268.5684 | IW11: -1268.5681 | IX11: -1268.5387 | IY11: -0.00063798039 | IZ11: =IX11-IY11 -> -1268.5381 | JA11: ∆E#rev | JB11: =627.5095*(IS12-IS10) -> 45.944786 | JC11: =627.5095*(IZ12-IZ10) -> 20.65341 | JD11: =627.5095*(IX12-IX10) -> 20.643049 | JE11: =627.5095*(IW12-IW10) -> 32.516587 | JF11: =627.5095*(IV12-IV10) -> 32.511406 | JG11: =627.5095*(IU12-IU10) -> 26.977538 | JH11: =627.5095*(IT12-IT10) -> 26.967178 | JI11: =JH11-JD11 -> 6.3241285 | JJ11: =JH11-JF11 -> -5.5442288 | JK11: =JJ11-FC11 -> 0.046365027 | JL11: =JB11-'CCSD(T)'!BB11 -> -0.00013337717 | JM11: =JD11-'CCSD(T)'!BC11 -> -0.027088768 | JN11: =JF11-'CCSD(T)'!BD11 -> -0.07699393 | JO11: =JH11-'CCSD(T)'!BE11 -> -0.10850253 | JP11: =JH11-'DLPNO-CCSD(T1 or T0)'!CT10 -> 0.17907054 | JQ11: =JN11-JL11 -> -0.076860552 | JR11: =JO11-JN11 -> -0.031508598 | JT11: -1269.7901 | JU11: -1269.4163 | JV11: -1269.4128 | JX11: 03_start | JY11: -1267.3264 | JZ11: -1269.7026 | KA11: -1269.6965 | KB11: -1269.5646 | KC11: -1269.5616 | KD11: -1269.5673 | KE11: -0.0060756558 | KF11: =KD11-KE11 -> -1269.5613 | KG11: -1269.4804 | KH11: -1269.4804 | KI11: -1269.6121 | KJ11: -0.59685045 | KK11: -1.6441806 | KL11: =1.2*KK11+(1/3)*KJ11+JY11 -> -1269.4984 | KM11: =1.3*KK11+JY11 -> -1269.4638 | KN11: =627.5095*(JY12-JY10) -> 43.448633 | KO11: =627.5095*(KF12-KF10) -> 18.722885 | KP11: =627.5095*(KL12-KL10) -> 21.264123 | KQ11: =627.5095*(KM12-KM10) -> 22.503017 | KR11: =627.5095*(KD12-KD10) -> 18.787141 | KS11: =627.5095*(KC12-KC10) -> 31.578485 | KT11: =627.5095*(KB12-KB10) -> 31.610613 | KU11: =627.5095*(KA12-KA10) -> 25.98935 | KV11: =627.5095*(JZ12-JZ10) -> 26.053606 | KW11: =KV11-KR11 -> 7.2664655 | KX11: =627.5095*(JT12-JT10) -> 25.460185 | KY11: =627.5095*(JU12-JU10) -> 25.784497 | KZ11: =627.5095*(JV12-JV10) -> 25.90538 | LA11: =KV11-KT11 -> -5.557007 | LB11: =LA11-GD11 -> 0.030465373 | LC11: =KN11-'PNO-LCCSD(T)'!AB10 -> -0.0001027297 | LD11: =KV11-GB11 -> -0.78592847 | LE11: =KX11-KV11 -> -0.59342087 | LF11: =KY11-KX11 -> 0.32431201 | LG11: =AD11 -> 03_start | LH11: =627.5095*(KG12-KG10) -> 32.063626 | LI11: =KS11-LH11 -> -0.48514059 | LJ11: =KT11-LH11 -> -0.45301267 | LK11: =627.5095*(KI12-KI10) -> 26.345814 | LL11: =KU11-LK11 -> -0.35646419 | LM11: =KV11-LK11 -> -0.29220836 | LN11: =AP11-KS11 -> 1.1419704 | LP11: 03_start | LQ11: -1267.3264 | LR11: -1269.7026 | LS11: -1269.6965 | LT11: -1269.5646 | LU11: -1269.5616 | LV11: -1269.5673 | LW11: -0.0060828931 | LX11: =LV11-LW11 -> -1269.5612 | LY11: ∆E#rev | LZ11: =627.5095*(LQ12-LQ10) -> 43.448632 | MA11: =627.5095*(LX12-LX10) -> 18.719591 | MB11: =627.5095*(LV12-LV10) -> 18.785759 | MC11: =627.5095*(LU12-LU10) -> 31.57654 | MD11: =627.5095*(LT12-LT10) -> 31.609624 | ME11: =627.5095*(LS12-LS10) -> 25.986488 | MF11: =627.5095*(LR12-LR10) -> 26.052656 | MG11: =MF11-MB11 -> 7.2668966 | MH11: =MF11-MD11 -> -5.5569687 | MJ11: 03_start | MK11: -1267.3264 | ML11: -1269.7021 | MM11: -1269.6856 | MN11: -1269.5637 | MO11: -1269.5554 | MP11: -1269.5672 | MQ11: -0.016540524 | MR11: =MP11-MQ11 -> -1269.5507 | MS11: ∆E#rev | MT11: =627.5095*(MK12-MK10) -> 43.448632 | MU11: =627.5095*(MR12-MR10) -> 18.545813 | MV11: =627.5095*(MP12-MP10) -> 18.751739 | MW11: =627.5095*(MO12-MO10) -> 31.350141 | MX11: =627.5095*(MN12-MN10) -> 31.453104 | MY11: =627.5095*(MM12-MM10) -> 25.56369 | MZ11: =627.5095*(ML12-ML10) -> 25.769615 | NA11: =MZ11-MV11 -> 7.0178763 | NB11: =MZ11-MX11 -> -5.6834887 | NC11: =LA11-NB11 -> 0.1264817 | NE11: 03_start | NF11: -1267.3264 | NG11: -1269.7021 | NH11: -1269.6856 | NI11: -1269.5637 | NJ11: -1269.5555 | NK11: -1269.5673 | NL11: -0.016487371 | NM11: =NK11-NL11 -> -1269.5508 | NN11: ∆E#rev | NO11: =627.5095*(NF12-NF10) -> 43.448633 | NP11: =627.5095*(NM12-NM10) -> 18.491519 | NQ11: =627.5095*(NK12-NK10) -> 18.741986 | NR11: =627.5095*(NJ12-NJ10) -> 31.321714 | NS11: =627.5095*(NI12-NI10) -> 31.446947 | NT11: =627.5095*(NH12-NH10) -> 25.525738 | NU11: =627.5095*(NG12-NG10) -> 25.776205 | NV11: =NU11-NQ11 -> 7.0342191 | NW11: =NU11-NS11 -> -5.6707419 | NX11: =NW11-NB11 -> 0.012746795 | NZ11: 03_start | OA11: -1267.3589 | OB11: -1269.8685 | OC11: -1269.8424 | OD11: -1269.7169 | OE11: -1269.7039 | OF11: -1269.7437 | OG11: -0.02610354 | OH11: =OF11-OG11 -> -1269.7176 | OI11: ∆E#rev | OJ11: =627.5095*(OA12-OA10) -> 43.571699 | OK11: =627.5095*(OH12-OH10) -> 19.106478 | OL11: =627.5095*(OF12-OF10) -> 19.445382 | OM11: =627.5095*(OE12-OE10) -> 32.206544 | ON11: =627.5095*(OD12-OD10) -> 32.375995 | OO11: =627.5095*(OC12-OC10) -> 26.285008 | OP11: =627.5095*(OB12-OB10) -> 26.623911 | OQ11: =OP11-OL11 -> 7.1785296 | OR11: =OP11-ON11 -> -5.7520843 | OT11: 03_start | OU11: -1267.3589 | OV11: -1269.868 | OW11: -1269.8585 | OX11: -1269.7187 | OY11: -1269.714 | OZ11: -1269.7439 | PA11: -0.0094388922 | PB11: -1269.7345 | PC11: ∆E#rev | PD11: 43.571699 | PE11: 19.352037 | PF11: 19.52169 | PG11: 32.540378 | PH11: 32.625204 | PI11: 26.811708 | PJ11: 26.981361 | PK11: 7.459671 | PL11: -5.6438433 | PO11: =OJ11-MT11 -> 0.12306627 | PP11: =ON11-MX11 -> 0.92289169 | PQ11: =PP11-PO11 -> 0.79982542 | PR11: ='LNO-CCSD(T)-def2nZVP'!LB11 -> 0.030465373 | PS11: =PO$2*PO11+PQ$2*PQ11 -> 0.60941382 | PT11: =PR11*PR$2 -> 0.018506733 | PU11: =-'LNO-CCSD(T)-def2nZVP'!FA11+'CCSD(T)'!CI11 -> 0.23898252 | PV11: ='LNO-CCSD(T)-def2nZVP'!KV11+PS11+PT11+PU11 -> 26.920509 | PX11: 0.12306615 | PY11: 1.01558 | PZ11: 0.89251381 | QA11: 0.030465373 | QB11: 0.67807182 | QC11: 0.018506733 | QD11: 0.23898252 | QE11: 26.989167 | QF11: =QE11-PV11 -> 0.068658005 | QH11: 03_start | QI11: -1267.3264 | QJ11: -1269.4077 | QK11: -1269.4028 | QL11: -1269.2816 | QM11: -1269.2791 | QN11: -1269.2831 | QO11: -0.004927981 | QP11: =QN11-QO11 -> -1269.2781 | QQ11: ∆E#rev | QR11: =627.5095*(QI12-QI10) -> 43.448633 | QS11: =627.5095*(QP12-QP10) -> 20.389416 | QT11: =627.5095*(QN12-QN10) -> 20.446205 | QU11: =627.5095*(QM12-QM10) -> 31.972516 | QV11: =627.5095*(QL12-QL10) -> 32.00091 | QW11: =627.5095*(QK12-QK10) -> 26.132678 | QX11: =627.5095*(QJ12-QJ10) -> 26.189466 | QY11: =QX11-QT11 -> 5.7432614 | QZ11: =QX11-QV11 -> -5.8114444 | RB11: 03_start | RC11: -1267.3589 | RD11: -1269.5408 | RE11: -1269.5327 | RF11: -1269.4056 | RG11: -1269.4015 | RH11: -1269.4304 | RI11: -0.0081290265 | RJ11: =RH11-RI11 -> -1269.4222 | RK11: ∆E#rev | RL11: =627.5095*(RC12-RC10) -> 43.571699 | RM11: =627.5095*(RJ12-RJ10) -> 20.527136 | RN11: =627.5095*(RH12-RH10) -> 20.712345 | RO11: =627.5095*(RG12-RG10) -> 32.516202 | RP11: =627.5095*(RF12-RF10) -> 32.608806 | RQ11: =627.5095*(RE12-RE10) -> 26.502576 | RR11: =627.5095*(RD12-RD10) -> 26.687785 | RS11: =RR11-RN11 -> 5.9754401 | RT11: =RR11-RP11 -> -5.9210211
A12: -26.3 | C12: 03_ts | D12: -1266.6696 | E12: -1268.4732 | F12: -1268.4705 | G12: -1268.3792 | H12: -1268.3778 | I12: -1268.3512 | J12: -1268.3485 | K12: ∆Ereac | L12: =627.5095*(D10-D11) -> -43.12328 | M12: =627.5095*(J10-J11) -> -19.418671 | N12: =627.5095*(I10-I11) -> -19.292386 | O12: =627.5095*(H10-H11) -> -30.999604 | P12: =627.5095*(G10-G11) -> -30.936461 | Q12: =627.5095*(F10-F11) -> -25.91291 | R12: =627.5095*(E10-E11) -> -25.786625 | S12: =R12-N12 -> -6.4942387 | T12: =R12-P12 -> 5.1498364 | V12: =L12-'CCSD(T)'!BV12 -> 0.0015464093 | W12: =N12-'CCSD(T)'!BW12 -> 0.11850152 | X12: =P12-'CCSD(T)'!BX12 -> 0.1519349 | Y12: =R12-'CCSD(T)'!BY12 -> 0.21344645 | Z12: =R12-'DLPNO-CCSD(T1 or T0)'!CT11 -> -0.30362901 | AA12: =X12-V12 -> 0.1503885 | AB12: =Y12-X12 -> 0.061511548 | AD12: 03_ts | AE12: -1266.6696 | AF12: -1268.4732 | AG12: -1268.4705 | AH12: -1268.3792 | AI12: -1268.3778 | AJ12: -1268.3512 | AK12: -1268.3485 | AL12: ∆Ereac | AM12: =627.5095*(AE10-AE11) -> -43.12328 | AN12: =627.5095*(AK10-AK11) -> -19.42151 | AO12: =627.5095*(AJ10-AJ11) -> -19.292513 | AP12: =627.5095*(AI10-AI11) -> -31.002837 | AQ12: =627.5095*(AH10-AH11) -> -30.938338 | AR12: =627.5095*(AG10-AG11) -> -25.917557 | AS12: =627.5095*(AF10-AF11) -> -25.788559 | AT12: =AS12-AO12 -> -6.4960464 | AU12: =AS12-AQ12 -> 5.1497789 | AW12: =AM12-'CCSD(T)'!BV12 -> 0.001546403 | AX12: =AO12-'CCSD(T)'!BW12 -> 0.11837451 | AY12: =AQ12-'CCSD(T)'!BX12 -> 0.1500578 | AZ12: =AS12-'CCSD(T)'!BY12 -> 0.21151183 | BA12: =AS12-'DLPNO-CCSD(T1 or T0)'!CT11 -> -0.30556363 | BB12: =AY12-AW12 -> 0.1485114 | BC12: =AZ12-AY12 -> 0.06145403 | BE12: 03_ts | BF12: -1266.6696 | BG12: -1268.4733 | BH12: -1268.4646 | BI12: -1268.3786 | BJ12: -1268.3742 | BK12: -1268.3512 | BL12: -0.0087091294 | BM12: =BK12-BL12 -> -1268.3424 | BN12: ∆Ereac | BO12: =627.5095*(BF10-BF11) -> -43.12328 | BP12: =627.5095*(BM10-BM11) -> -19.618912 | BQ12: =627.5095*(BK10-BK11) -> -19.214226 | BR12: =627.5095*(BJ10-BJ11) -> -31.197296 | BS12: =627.5095*(BI10-BI11) -> -30.994954 | BT12: =627.5095*(BH10-BH11) -> -26.070735 | BU12: =627.5095*(BG10-BG11) -> -25.666049 | BV12: =BU12-BQ12 -> -6.4518229 | BW12: =BU12-BS12 -> 5.3289043 | BX12: =AU12-BW12 -> -0.17912546 | BY12: =BO12-'CCSD(T)'!BV12 -> 0.0015464093 | BZ12: =BQ12-'CCSD(T)'!BW12 -> 0.19666121 | CA12: =BS12-'CCSD(T)'!BX12 -> 0.093442511 | CB12: =BU12-'CCSD(T)'!BY12 -> 0.334022 | CC12: =BU12-'DLPNO-CCSD(T1 or T0)'!CT11 -> -0.18305346 | CD12: =CA12-BY12 -> 0.091896101 | CE12: =CB12-CA12 -> 0.24057949 | CG12: 03_ts | CH12: -1266.6696 | CI12: -1268.4733 | CJ12: -1268.4647 | CK12: -1268.3786 | CL12: -1268.3743 | CM12: -1268.3512 | CN12: -0.0086705095 | CO12: =CM12-CN12 -> -1268.3425 | CP12: ∆Ereac | CQ12: =627.5095*(CH10-CH11) -> -43.12328 | CR12: =627.5095*(CO10-CO11) -> -19.607987 | CS12: =627.5095*(CM10-CM11) -> -19.20677 | CT12: =627.5095*(CL10-CL11) -> -31.186218 | CU12: =627.5095*(CK10-CK11) -> -30.98561 | CV12: =627.5095*(CJ10-CJ11) -> -26.062319 | CW12: =627.5095*(CI10-CI11) -> -25.661102 | CX12: =CW12-CS12 -> -6.4543315 | CY12: =CW12-CU12 -> 5.3245081 | CZ12: =CY12-BW12 -> -0.0043962561 | DA12: =CQ12-'CCSD(T)'!BV12 -> 0.001546403 | DB12: =CS12-'CCSD(T)'!BW12 -> 0.20411708 | DC12: =CU12-'CCSD(T)'!BX12 -> 0.10278605 | DD12: =CW12-'CCSD(T)'!BY12 -> 0.33896928 | DE12: =CW12-'DLPNO-CCSD(T1 or T0)'!CT11 -> -0.17810618 | DF12: =DC12-DA12 -> 0.10123964 | DG12: =DD12-DC12 -> 0.23618323 | DI12: 03_ts | DJ12: -1266.6696 | DK12: -1268.4731 | DL12: -1268.4726 | DM12: -1268.3791 | DN12: -1268.3789 | DO12: -1268.3513 | DP12: -0.00048977723 | DQ12: =DO12-DP12 -> -1268.3508 | DR12: ∆Ereac | DS12: =627.5095*(DJ10-DJ11) -> -43.12328 | DT12: =627.5095*(DQ10-DQ11) -> -19.356907 | DU12: =627.5095*(DO10-DO11) -> -19.347441 | DV12: =627.5095*(DN10-DN11) -> -31.009501 | DW12: =627.5095*(DM10-DM11) -> -31.004768 | DX12: =627.5095*(DL10-DL11) -> -25.913531 | DY12: =627.5095*(DK10-DK11) -> -25.904065 | DZ12: =DY12-DU12 -> -6.5566241 | EA12: =DY12-DW12 -> 5.1007034 | EB12: =EA12-T12 -> -0.049133028 | EC12: =DS12-'CCSD(T)'!BV12 -> 0.001546403 | ED12: =DU12-'CCSD(T)'!BW12 -> 0.063446732 | EE12: =DW12-'CCSD(T)'!BX12 -> 0.083627766 | EF12: =DY12-'CCSD(T)'!BY12 -> 0.096006287 | EG12: =DY12-'DLPNO-CCSD(T1 or T0)'!CT11 -> -0.42106918 | EH12: =EE12-EC12 -> 0.082081363 | EI12: =EF12-EE12 -> 0.01237852 | EK12: 03_ts | EL12: -1266.73 | EM12: -1268.6675 | EN12: -1268.6644 | EO12: -1268.566 | EP12: -1268.5645 | EQ12: -1268.5373 | ER12: -0.0030315767 | ES12: =EQ12-ER12 -> -1268.5343 | ET12: ∆Ereac | EU12: =627.5095*(EL10-EL11) -> -42.939466 | EV12: =627.5095*(ES10-ES11) -> -19.916599 | EW12: =627.5095*(EQ10-EQ11) -> -19.806802 | EX12: =627.5095*(EP10-EP11) -> -31.016822 | EY12: =627.5095*(EO10-EO11) -> -30.961924 | EZ12: =627.5095*(EN10-EN11) -> -25.995984 | FA12: =627.5095*(EM10-EM11) -> -25.886187 | FB12: =FA12-EW12 -> -6.079385 | FC12: =FA12-EY12 -> 5.0757366 | FD12: =EU12-'CCSD(T)'!BB12 -> -0.00022181827 | FE12: =EW12-'CCSD(T)'!BC12 -> 0.031182487 | FF12: =EY12-'CCSD(T)'!CH12 -> 0.14240921 | FG12: =FA12-'CCSD(T)'!CI12 -> 0.23281343 | FH12: =FA12-'DLPNO-CCSD(T1 or T0)'!AF11 -> -0.32682986 | FI12: =FF12-FD12 -> 0.14263103 | FJ12: =FG12-FF12 -> 0.090404211 | FL12: 03_ts | FM12: -1266.73 | FN12: -1268.6675 | FO12: -1268.6644 | FP12: -1268.566 | FQ12: -1268.5645 | FR12: -1268.5373 | FS12: -0.0030316644 | FT12: =FR12-FS12 -> -1268.5343 | FU12: ∆Ereac | FV12: =627.5095*(FM10-FM11) -> -42.939466 | FW12: =627.5095*(FT10-FT11) -> -19.918523 | FX12: =627.5095*(FR10-FR11) -> -19.807014 | FY12: =627.5095*(FQ10-FQ11) -> -31.017241 | FZ12: =627.5095*(FP10-FP11) -> -30.961486 | GA12: =627.5095*(FO10-FO11) -> -26.000458 | GB12: =627.5095*(FN10-FN11) -> -25.888949 | GC12: =GB12-FX12 -> -6.0819353 | GD12: =GB12-FZ12 -> 5.072537 | GE12: =LA12-GD12 -> -0.14413103 | GF12: =FV12-'CCSD(T)'!BB12 -> -0.00022182455 | GG12: =FX12-'CCSD(T)'!BC12 -> 0.030970564 | GH12: =FZ12-'CCSD(T)'!BD12 -> 0.14284666 | GI12: =GB12-'CCSD(T)'!BE12 -> 0.23005122 | GJ12: =GB12-'DLPNO-CCSD(T1 or T0)'!O11 -> -0.12323305 | GK12: =GH12-GF12 -> 0.14306848 | GL12: =GI12-GH12 -> 0.087204565 | GN12: 03_ts | GO12: -1266.73 | GP12: -1268.6672 | GQ12: -1268.6576 | GR12: -1268.5653 | GS12: -1268.5605 | GT12: -1268.5371 | GU12: -0.0096146046 | GV12: =GT12-GU12 -> -1268.5275 | GW12: ∆Ereac | GX12: =627.5095*(GO10-GO11) -> -42.939466 | GY12: =627.5095*(GV10-GV11) -> -20.025472 | GZ12: =627.5095*(GT10-GT11) -> -19.714842 | HA12: =627.5095*(GS10-GS11) -> -31.126747 | HB12: =627.5095*(GR10-GR11) -> -30.971431 | HC12: =627.5095*(GQ10-GQ11) -> -25.979369 | HD12: =627.5095*(GP10-GP11) -> -25.668738 | HE12: =HD12-GZ12 -> -5.9538966 | HF12: =HD12-HB12 -> 5.3026931 | HG12: =GD12-HF12 -> -0.23015613 | HH12: =GX12-'CCSD(T)'!BB12 -> -0.00022182455 | HI12: =GZ12-'CCSD(T)'!BC12 -> 0.12314306 | HJ12: =HB12-'CCSD(T)'!BD12 -> 0.13290175 | HK12: =HD12-'CCSD(T)'!BE12 -> 0.45026245 | HL12: =HD12-'DLPNO-CCSD(T1 or T0)'!CT11 -> -0.18574247 | HM12: =HJ12-HH12 -> 0.13312357 | HN12: =HK12-HJ12 -> 0.3173607 | HP12: 03_ts | HQ12: -1266.73 | HR12: -1268.6672 | HS12: -1268.6577 | HT12: -1268.5653 | HU12: -1268.5605 | HV12: -1268.5372 | HW12: -0.0095750837 | HX12: =HV12-HW12 -> -1268.5276 | HY12: ∆Ereac | HZ12: =627.5095*(HQ10-HQ11) -> -42.939466 | IA12: =627.5095*(HX10-HX11) -> -20.028754 | IB12: =627.5095*(HV10-HV11) -> -19.714257 | IC12: =627.5095*(HU10-HU11) -> -31.126729 | ID12: =627.5095*(HT10-HT11) -> -30.969481 | IE12: =627.5095*(HS10-HS11) -> -25.984218 | IF12: =627.5095*(HR10-HR11) -> -25.66972 | IG12: =IF12-IB12 -> -5.9554638 | IH12: =IF12-ID12 -> 5.2997604 | II12: =IH12-HF12 -> -0.0029326593 | IJ12: =HZ12-'CCSD(T)'!BB12 -> -0.00022183082 | IK12: =IB12-'CCSD(T)'!BC12 -> 0.12372818 | IL12: =ID12-'CCSD(T)'!BD12 -> 0.13485228 | IM12: =IF12-'CCSD(T)'!BE12 -> 0.44928032 | IN12: =IF12-'DLPNO-CCSD(T1 or T0)'!CT11 -> -0.18672459 | IO12: =IL12-IJ12 -> 0.13507411 | IP12: =IM12-IL12 -> 0.31442804 | IR12: 03_ts | IS12: -1266.73 | IT12: -1268.6677 | IU12: -1268.667 | IV12: -1268.5661 | IW12: -1268.5657 | IX12: -1268.5374 | IY12: -0.00064791917 | IZ12: =IX12-IY12 -> -1268.5367 | JA12: ∆Ereac | JB12: =627.5095*(IS10-IS11) -> -42.939466 | JC12: =627.5095*(IZ10-IZ11) -> -19.809014 | JD12: =627.5095*(IX10-IX11) -> -19.80489 | JE12: =627.5095*(IW10-IW11) -> -31.015798 | JF12: =627.5095*(IV10-IV11) -> -31.013736 | JG12: =627.5095*(IU10-IU11) -> -26.002304 | JH12: =627.5095*(IT10-IT11) -> -25.99818 | JI12: =JH12-JD12 -> -6.1932896 | JJ12: =JH12-JF12 -> 5.0155561 | JK12: =JJ12-FC12 -> -0.06018052 | JL12: =JB12-'CCSD(T)'!BB12 -> -0.00022181827 | JM12: =JD12-'CCSD(T)'!BC12 -> 0.03309427 | JN12: =JF12-'CCSD(T)'!BD12 -> 0.090596873 | JO12: =JH12-'CCSD(T)'!BE12 -> 0.12082056 | JP12: =JH12-'DLPNO-CCSD(T1 or T0)'!CT11 -> -0.51518435 | JQ12: =JN12-JL12 -> 0.090818691 | JR12: =JO12-JN12 -> 0.030223691 | JT12: -1269.7885 | JU12: -1269.4144 | JV12: -1269.4109 | JX12: 03_ts | JY12: -1267.321 | JZ12: -1269.701 | KA12: -1269.6949 | KB12: -1269.562 | KC12: -1269.559 | KD12: -1269.5664 | KE12: -0.0061007715 | KF12: =KD12-KE12 -> -1269.5603 | KG12: -1269.478 | KH12: -1269.478 | KI12: -1269.6105 | KJ12: -0.59912725 | KK12: -1.6463725 | KL12: =1.2*KK12+(1/3)*KJ12+JY12 -> -1269.4964 | KM12: =1.3*KK12+JY12 -> -1269.4613 | KN12: =627.5095*(JY10-JY11) -> -40.074882 | KO12: =627.5095*(KF10-KF11) -> -18.141883 | KP12: =627.5095*(KL10-KL11) -> -20.017106 | KQ12: =627.5095*(KM10-KM11) -> -20.917302 | KR12: =627.5095*(KD10-KD11) -> -18.221899 | KS12: =627.5095*(KC10-KC11) -> -29.962207 | KT12: =627.5095*(KB10-KB11) -> -30.002215 | KU12: =627.5095*(KA10-KA11) -> -24.993793 | KV12: =627.5095*(JZ10-JZ11) -> -25.073809 | KW12: =KV12-KR12 -> -6.8519099 | KX12: =627.5095*(JT10-JT11) -> -24.410071 | KY12: =627.5095*(JU10-JU11) -> -24.566323 | KZ12: =627.5095*(JV10-JV11) -> -24.678213 | LA12: =KV12-KT12 -> 4.9284059 | LB12: =LA12-GD12 -> -0.14413103 | LC12: =KN12-'PNO-LCCSD(T)'!AB11 -> 0.0001249183 | LD12: =KV12-GB12 -> 0.81514052 | LE12: =KX12-KV12 -> 0.66373811 | LF12: =KY12-KX12 -> -0.15625177 | LG12: =AD12 -> 03_ts | LH12: =627.5095*(KG10-KG11) -> -30.523437 | LI12: =KS12-LH12 -> 0.56123019 | LJ12: =KT12-LH12 -> 0.5212221 | LK12: =627.5095*(KI10-KI11) -> -25.37115 | LL12: =KU12-LK12 -> 0.37735759 | LM12: =KV12-LK12 -> 0.29734142 | LN12: =AP12-KS12 -> -1.0406301 | LP12: 03_ts | LQ12: -1267.321 | LR12: -1269.701 | LS12: -1269.6949 | LT12: -1269.562 | LU12: -1269.559 | LV12: -1269.5664 | LW12: -0.0061006002 | LX12: =LV12-LW12 -> -1269.5603 | LY12: ∆Ereac | LZ12: =627.5095*(LQ10-LQ11) -> -40.074882 | MA12: =627.5095*(LX10-LX11) -> -18.143203 | MB12: =627.5095*(LV10-LV11) -> -18.220482 | MC12: =627.5095*(LU10-LU11) -> -29.963025 | MD12: =627.5095*(LT10-LT11) -> -30.001665 | ME12: =627.5095*(LS10-LS11) -> -24.996273 | MF12: =627.5095*(LR10-LR11) -> -25.073552 | MG12: =MF12-MB12 -> -6.8530702 | MH12: =MF12-MD12 -> 4.9281128 | MJ12: 03_ts | MK12: -1267.321 | ML12: -1269.7006 | MM12: -1269.6839 | MN12: -1269.5612 | MO12: -1269.5529 | MP12: -1269.5663 | MQ12: -0.016622351 | MR12: =MP12-MQ12 -> -1269.5497 | MS12: ∆Ereac | MT12: =627.5095*(MK10-MK11) -> -40.074882 | MU12: =627.5095*(MR10-MR11) -> -17.921272 | MV12: =627.5095*(MP10-MP11) -> -18.178544 | MW12: =627.5095*(MO10-MO11) -> -29.739231 | MX12: =627.5095*(MN10-MN11) -> -29.867868 | MY12: =627.5095*(MM10-MM11) -> -24.539861 | MZ12: =627.5095*(ML10-ML11) -> -24.797134 | NA12: =MZ12-MV12 -> -6.6185896 | NB12: =MZ12-MX12 -> 5.0707337 | NC12: =LA12-NB12 -> -0.14232781 | NE12: 03_ts | NF12: -1267.321 | NG12: -1269.7006 | NH12: -1269.684 | NI12: -1269.5612 | NJ12: -1269.553 | NK12: -1269.5663 | NL12: -0.016542925 | NM12: =NK12-NL12 -> -1269.5498 | NN12: ∆Ereac | NO12: =627.5095*(NF10-NF11) -> -40.074882 | NP12: =627.5095*(NM10-NM11) -> -17.888743 | NQ12: =627.5095*(NK10-NK11) -> -18.174071 | NR12: =627.5095*(NJ10-NJ11) -> -29.724031 | NS12: =627.5095*(NI10-NI11) -> -29.866695 | NT12: =627.5095*(NH10-NH11) -> -24.520618 | NU12: =627.5095*(NG10-NG11) -> -24.805946 | NV12: =NU12-NQ12 -> -6.631875 | NW12: =NU12-NS12 -> 5.060749 | NX12: =NW12-NB12 -> -0.0099847676 | NZ12: 03_ts | OA12: -1267.3536 | OB12: -1269.867 | OC12: -1269.8407 | OD12: -1269.7144 | OE12: -1269.7013 | OF12: -1269.7428 | OG12: -0.026255167 | OH12: =OF12-OG12 -> -1269.7166 | OI12: ∆Ereac | OJ12: =627.5095*(OA10-OA11) -> -40.202267 | OK12: =627.5095*(OH10-OH11) -> -18.478309 | OL12: =627.5095*(OF10-OF11) -> -18.912359 | OM12: =627.5095*(OE10-OE11) -> -30.570025 | ON12: =627.5095*(OD10-OD11) -> -30.78705 | OO12: =627.5095*(OC10-OC11) -> -25.247049 | OP12: =627.5095*(OB10-OB11) -> -25.6811 | OQ12: =OP12-OL12 -> -6.7687402 | OR12: =OP12-ON12 -> 5.1059501 | OT12: 03_ts | OU12: -1267.3536 | OV12: -1269.8665 | OW12: -1269.8569 | OX12: -1269.7162 | OY12: -1269.7114 | OZ12: -1269.7431 | PA12: -0.0095728633 | PB12: -1269.7335 | PC12: ∆Ereac | PD12: -40.202267 | PE12: -18.733905 | PF12: -18.987625 | PG12: -30.902195 | PH12: -31.029056 | PI12: -25.782123 | PJ12: -26.035844 | PK12: -7.0482181 | PL12: 4.9932122 | PO12: =OJ12-MT12 -> -0.12738491 | PP12: =ON12-MX12 -> -0.91918209 | PQ12: =PP12-PO12 -> -0.79179718 | PR12: ='LNO-CCSD(T)-def2nZVP'!LB12 -> -0.14413103 | PS12: =PO$2*PO12+PQ$2*PQ12 -> -0.60406182 | PT12: =PR12*PR$2 -> -0.08755496 | PU12: =-'LNO-CCSD(T)-def2nZVP'!FA12+'CCSD(T)'!CI12 -> -0.23281343 | PV12: ='LNO-CCSD(T)-def2nZVP'!KV12+PS12+PT12+PU12 -> -25.998239 | PX12: -0.1273848 | PY12: -1.0273907 | PZ12: -0.90000592 | QA12: -0.14413103 | QB12: -0.68421637 | QC12: -0.08755496 | QD12: -0.23281343 | QE12: -26.078394 | QF12: =QE12-PV12 -> -0.080154548 | QH12: 03_ts | QI12: -1267.321 | QJ12: -1269.4058 | QK12: -1269.4008 | QL12: -1269.2787 | QM12: -1269.2763 | QN12: -1269.2816 | QO12: -0.0049779063 | QP12: =QN12-QO12 -> -1269.2766 | QQ12: ∆Ereac | QR12: =627.5095*(QI10-QI11) -> -40.074882 | QS12: =627.5095*(QP10-QP11) -> -19.452656 | QT12: =627.5095*(QN10-QN11) -> -19.540773 | QU12: =627.5095*(QM10-QM11) -> -30.1875 | QV12: =627.5095*(QL10-QL11) -> -30.231559 | QW12: =627.5095*(QK10-QK11) -> -24.87911 | QX12: =627.5095*(QJ10-QJ11) -> -24.967227 | QY12: =QX12-QT12 -> -5.4264539 | QZ12: =QX12-QV12 -> 5.264332 | RB12: 03_ts | RC12: -1267.3536 | RD12: -1269.5388 | RE12: -1269.5306 | RF12: -1269.4027 | RG12: -1269.3986 | RH12: -1269.4289 | RI12: -0.0082310015 | RJ12: =RH12-RI12 -> -1269.4207 | RK12: ∆Ereac | RL12: =627.5095*(RC10-RC11) -> -40.202267 | RM12: =627.5095*(RJ10-RJ11) -> -19.555055 | RN12: =627.5095*(RH10-RH11) -> -19.804255 | RO12: =627.5095*(RG10-RG11) -> -30.699024 | RP12: =627.5095*(RF10-RF11) -> -30.823624 | RQ12: =627.5095*(RE10-RE11) -> -25.220696 | RR12: =627.5095*(RD10-RD11) -> -25.469896 | RS12: =RR12-RN12 -> -5.6656411 | RT12: =RR12-RP12 -> 5.3537283
A13: 1.49 | C13: 04_end | D13: -1228.9153 | E13: -1230.5564 | F13: -1230.5538 | G13: -1230.4794 | H13: -1230.4781 | I13: -1230.4338 | J13: -1230.4312 | K13: ∆E#fwd | L13: =627.5095*(D15-D14) -> 1.9065854 | M13: =627.5095*(J15-J14) -> 4.4956626 | N13: =627.5095*(I15-I14) -> 4.4821167 | O13: =627.5095*(H15-H14) -> 2.3622898 | P13: =627.5095*(G15-G14) -> 2.3555168 | Q13: =627.5095*(F15-F14) -> 2.7783272 | R13: =627.5095*(E15-E14) -> 2.7647812 | S13: =R13-N13 -> -1.7173355 | T13: =R13-P13 -> 0.40926442 | V13: =L13-'CCSD(T)'!BV13 -> -0.00093250421 | W13: =N13-'CCSD(T)'!BW13 -> 0.011615994 | X13: =P13-'CCSD(T)'!BX13 -> 0.025309289 | Y13: =R13-'CCSD(T)'!BY13 -> 0.051805925 | Z13: =R13-'DLPNO-CCSD(T1 or T0)'!CT12 -> -0.068570404 | AA13: =X13-V13 -> 0.026241793 | AB13: =Y13-X13 -> 0.026496636 | AD13: 04_end | AE13: -1228.9153 | AF13: -1230.5564 | AG13: -1230.5538 | AH13: -1230.4794 | AI13: -1230.4781 | AJ13: -1230.4338 | AK13: -1230.4312 | AL13: ∆E#fwd | AM13: =627.5095*(AE15-AE14) -> 1.9065854 | AN13: =627.5095*(AK15-AK14) -> 4.4956626 | AO13: =627.5095*(AJ15-AJ14) -> 4.4821167 | AP13: =627.5095*(AI15-AI14) -> 2.3622898 | AQ13: =627.5095*(AH15-AH14) -> 2.3555168 | AR13: =627.5095*(AG15-AG14) -> 2.7783272 | AS13: =627.5095*(AF15-AF14) -> 2.7647812 | AT13: =AS13-AO13 -> -1.7173355 | AU13: =AS13-AQ13 -> 0.40926442 | AW13: =AM13-'CCSD(T)'!BV13 -> -0.00093250421 | AX13: =AO13-'CCSD(T)'!BW13 -> 0.011615987 | AY13: =AQ13-'CCSD(T)'!BX13 -> 0.025309289 | AZ13: =AS13-'CCSD(T)'!BY13 -> 0.051805925 | BA13: =AS13-'DLPNO-CCSD(T1 or T0)'!CT12 -> -0.068570404 | BB13: =AY13-AW13 -> 0.026241793 | BC13: =AZ13-AY13 -> 0.026496636 | BE13: 04_end | BF13: -1228.9153 | BG13: -1230.5563 | BH13: -1230.549 | BI13: -1230.4789 | BJ13: -1230.4753 | BK13: -1230.4336 | BL13: -0.0072266842 | BM13: =BK13-BL13 -> -1230.4264 | BN13: ∆E#fwd | BO13: =627.5095*(BF15-BF14) -> 1.9065854 | BP13: =627.5095*(BM15-BM14) -> 4.2827932 | BQ13: =627.5095*(BK15-BK14) -> 4.4331362 | BR13: =627.5095*(BJ15-BJ14) -> 2.198058 | BS13: =627.5095*(BI15-BI14) -> 2.2732295 | BT13: =627.5095*(BH15-BH14) -> 2.5540244 | BU13: =627.5095*(BG15-BG14) -> 2.7043674 | BV13: =BU13-BQ13 -> -1.7287688 | BW13: =BU13-BS13 -> 0.43113789 | BX13: =AU13-BW13 -> -0.021873469 | BY13: =BO13-'CCSD(T)'!BV13 -> -0.00093250421 | BZ13: =BQ13-'CCSD(T)'!BW13 -> -0.037364505 | CA13: =BS13-'CCSD(T)'!BX13 -> -0.056978015 | CB13: =BU13-'CCSD(T)'!BY13 -> -0.0086079098 | CC13: =BU13-'DLPNO-CCSD(T1 or T0)'!CT12 -> -0.12898424 | CD13: =CA13-BY13 -> -0.056045511 | CE13: =CB13-CA13 -> 0.048370105 | CG13: 04_end | CH13: -1228.9153 | CI13: -1230.5563 | CJ13: -1230.5491 | CK13: -1230.4789 | CL13: -1230.4753 | CM13: -1230.4336 | CN13: -0.0072226618 | CO13: =CM13-CN13 -> -1230.4264 | CP13: ∆E#fwd | CQ13: =627.5095*(CH15-CH14) -> 1.9065854 | CR13: =627.5095*(CO15-CO14) -> 4.2785453 | CS13: =627.5095*(CM15-CM14) -> 4.4300409 | CT13: =627.5095*(CL15-CL14) -> 2.1965691 | CU13: =627.5095*(CK15-CK14) -> 2.2723169 | CV13: =627.5095*(CJ15-CJ14) -> 2.5515046 | CW13: =627.5095*(CI15-CI14) -> 2.7030002 | CX13: =CW13-CS13 -> -1.7270407 | CY13: =CW13-CU13 -> 0.43068328 | CZ13: =CY13-BW13 -> -0.00045461156 | DA13: =CQ13-'CCSD(T)'!BV13 -> -0.00093250421 | DB13: =CS13-'CCSD(T)'!BW13 -> -0.040459765 | DC13: =CU13-'CCSD(T)'!BX13 -> -0.057890564 | DD13: =CW13-'CCSD(T)'!BY13 -> -0.0099750709 | DE13: =CW13-'DLPNO-CCSD(T1 or T0)'!CT12 -> -0.1303514 | DF13: =DC13-DA13 -> -0.05695806 | DG13: =DD13-DC13 -> 0.047915494 | DI13: 04_end | DJ13: -1228.9153 | DK13: -1230.5562 | DL13: -1230.5559 | DM13: -1230.4794 | DN13: -1230.4792 | DO13: -1230.4338 | DP13: -0.00037745951 | DQ13: =DO13-DP13 -> -1230.4334 | DR13: ∆E#fwd | DS13: =627.5095*(DJ15-DJ14) -> 1.9065854 | DT13: =627.5095*(DQ15-DQ14) -> 4.4518353 | DU13: =627.5095*(DO15-DO14) -> 4.4623777 | DV13: =627.5095*(DN15-DN14) -> 2.3245365 | DW13: =627.5095*(DM15-DM14) -> 2.3298077 | DX13: =627.5095*(DL15-DL14) -> 2.7181498 | DY13: =627.5095*(DK15-DK14) -> 2.7286922 | DZ13: =DY13-DU13 -> -1.7336855 | EA13: =DY13-DW13 -> 0.39888451 | EB13: =EA13-T13 -> -0.010379911 | EC13: =DS13-'CCSD(T)'!BV13 -> -0.00093248538 | ED13: =DU13-'CCSD(T)'!BW13 -> -0.0081229514 | EE13: =DW13-'CCSD(T)'!BX13 -> -0.00039976298 | EF13: =DY13-'CCSD(T)'!BY13 -> 0.015716963 | EG13: =DY13-'DLPNO-CCSD(T1 or T0)'!CT12 -> -0.10465937 | EH13: =EE13-EC13 -> 0.00053272239 | EI13: =EF13-EE13 -> 0.016116726 | EK13: 04_end | EL13: -1228.9741 | EM13: -1230.7507 | EN13: -1230.7479 | EO13: -1230.6663 | EP13: -1230.6649 | EQ13: -1230.6198 | ER13: -0.0027871709 | ES13: =EQ13-ER13 -> -1230.6171 | ET13: ∆E#fwd | EU13: =627.5095*(EL15-EL14) -> 1.7899586 | EV13: =627.5095*(ES15-ES14) -> 3.8589756 | EW13: =627.5095*(EQ15-EQ14) -> 3.8647349 | EX13: =627.5095*(EP15-EP14) -> 1.9950217 | EY13: =627.5095*(EO15-EO14) -> 1.9979014 | EZ13: =627.5095*(EN15-EN14) -> 2.371716 | FA13: =627.5095*(EM15-EM14) -> 2.3774754 | FB13: =FA13-EW13 -> -1.4872596 | FC13: =FA13-EY13 -> 0.37957398 | FD13: =EU13-'CCSD(T)'!BB13 -> -0.0010667723 | FE13: =EW13-'CCSD(T)'!BC13 -> -0.048078137 | FF13: =EY13-'CCSD(T)'!CH13 -> -0.013746351 | FG13: =FA13-'CCSD(T)'!CI13 -> 0.017219119 | FH13: =FA13-'DLPNO-CCSD(T1 or T0)'!AF12 -> 0.082673749 | FI13: =FF13-FD13 -> -0.012679578 | FJ13: =FG13-FF13 -> 0.03096547 | FL13: 04_end | FM13: -1228.9741 | FN13: -1230.7507 | FO13: -1230.7479 | FP13: -1230.6663 | FQ13: -1230.6649 | FR13: -1230.6198 | FS13: -0.0027871709 | FT13: =FR13-FS13 -> -1230.6171 | FU13: ∆E#fwd | FV13: =627.5095*(FM15-FM14) -> 1.7899586 | FW13: =627.5095*(FT15-FT14) -> 3.8589755 | FX13: =627.5095*(FR15-FR14) -> 3.8647348 | FY13: =627.5095*(FQ15-FQ14) -> 1.9950217 | FZ13: =627.5095*(FP15-FP14) -> 1.9979013 | GA13: =627.5095*(FO15-FO14) -> 2.3717159 | GB13: =627.5095*(FN15-FN14) -> 2.3774753 | GC13: =GB13-FX13 -> -1.4872595 | GD13: =GB13-FZ13 -> 0.37957395 | GE13: =LA13-GD13 -> -0.22993537 | GF13: =FV13-'CCSD(T)'!BB13 -> -0.001066766 | GG13: =FX13-'CCSD(T)'!BC13 -> -0.048078238 | GH13: =FZ13-'CCSD(T)'!BD13 -> -0.013746388 | GI13: =GB13-'CCSD(T)'!BE13 -> 0.017219051 | GJ13: =GB13-'DLPNO-CCSD(T1 or T0)'!O12 -> -0.15007273 | GK13: =GH13-GF13 -> -0.012679622 | GL13: =GI13-GH13 -> 0.030965439 | GN13: 04_end | GO13: -1228.9741 | GP13: -1230.7502 | GQ13: -1230.742 | GR13: -1230.6656 | GS13: -1230.6615 | GT13: -1230.6196 | GU13: -0.0082289202 | GV13: =GT13-GU13 -> -1230.6114 | GW13: ∆E#fwd | GX13: =627.5095*(GO15-GO14) -> 1.7899586 | GY13: =627.5095*(GV15-GV14) -> 3.8299483 | GZ13: =627.5095*(GT15-GT14) -> 3.8378924 | HA13: =627.5095*(GS15-GS14) -> 1.9585625 | HB13: =627.5095*(GR15-GR14) -> 1.9625345 | HC13: =627.5095*(GQ15-GQ14) -> 2.345631 | HD13: =627.5095*(GP15-GP14) -> 2.3535751 | HE13: =HD13-GZ13 -> -1.4843173 | HF13: =HD13-HB13 -> 0.39104055 | HG13: =GD13-HF13 -> -0.011466606 | HH13: =GX13-'CCSD(T)'!BB13 -> -0.001066766 | HI13: =GZ13-'CCSD(T)'!BC13 -> -0.074920659 | HJ13: =HB13-'CCSD(T)'!BD13 -> -0.049113238 | HK13: =HD13-'CCSD(T)'!BE13 -> -0.0066811925 | HL13: =HD13-'DLPNO-CCSD(T1 or T0)'!CT12 -> -0.47977655 | HM13: =HJ13-HH13 -> -0.048046472 | HN13: =HK13-HJ13 -> 0.042432045 | HP13: 04_end | HQ13: -1228.9741 | HR13: -1230.7502 | HS13: -1230.742 | HT13: -1230.6656 | HU13: -1230.6615 | HV13: -1230.6196 | HW13: -0.008236629 | HX13: =HV13-HW13 -> -1230.6114 | HY13: ∆E#fwd | HZ13: =627.5095*(HQ15-HQ14) -> 1.7899586 | IA13: =627.5095*(HX15-HX14) -> 3.8295254 | IB13: =627.5095*(HV15-HV14) -> 3.8336385 | IC13: =627.5095*(HU15-HU14) -> 1.9594845 | ID13: =627.5095*(HT15-HT14) -> 1.9615411 | IE13: =627.5095*(HS15-HS14) -> 2.3468168 | IF13: =627.5095*(HR15-HR14) -> 2.3509299 | IG13: =IF13-IB13 -> -1.4827086 | IH13: =IF13-ID13 -> 0.38938886 | II13: =IH13-HF13 -> -0.0016516927 | IJ13: =HZ13-'CCSD(T)'!BB13 -> -0.001066766 | IK13: =IB13-'CCSD(T)'!BC13 -> -0.079174521 | IL13: =ID13-'CCSD(T)'!BD13 -> -0.050106667 | IM13: =IF13-'CCSD(T)'!BE13 -> -0.0093263144 | IN13: =IF13-'DLPNO-CCSD(T1 or T0)'!CT12 -> -0.48242167 | IO13: =IL13-IJ13 -> -0.049039901 | IP13: =IM13-IL13 -> 0.040780353 | IR13: 04_end | IS13: -1228.9741 | IT13: -1230.7508 | IU13: -1230.7503 | IV13: -1230.6664 | IW13: -1230.6661 | IX13: -1230.6199 | IY13: -0.00053528362 | IZ13: =IX13-IY13 -> -1230.6194 | JA13: ∆E#fwd | JB13: =627.5095*(IS15-IS14) -> 1.7899586 | JC13: =627.5095*(IZ15-IZ14) -> 3.8935859 | JD13: =627.5095*(IX15-IX14) -> 3.8874067 | JE13: =627.5095*(IW15-IW14) -> 2.0130617 | JF13: =627.5095*(IV15-IV14) -> 2.009972 | JG13: =627.5095*(IU15-IU14) -> 2.383731 | JH13: =627.5095*(IT15-IT14) -> 2.3775517 | JI13: =JH13-JD13 -> -1.5098549 | JJ13: =JH13-JF13 -> 0.36757969 | JK13: =JJ13-FC13 -> -0.011994286 | JL13: =JB13-'CCSD(T)'!BB13 -> -0.0010667723 | JM13: =JD13-'CCSD(T)'!BC13 -> -0.025406388 | JN13: =JF13-'CCSD(T)'!BD13 -> -0.0016756908 | JO13: =JH13-'CCSD(T)'!BE13 -> 0.017295494 | JP13: =JH13-'DLPNO-CCSD(T1 or T0)'!CT12 -> -0.45579986 | JQ13: =JN13-JL13 -> -0.00060891848 | JR13: =JO13-JN13 -> 0.018971185 | JT13: -1231.8058 | JU13: -1231.4319 | JV13: -1231.4285 | JX13: 04_end | JY13: -1229.5195 | JZ13: -1231.7181 | KA13: -1231.7125 | KB13: -1231.5986 | KC13: -1231.5958 | KD13: -1231.5814 | KE13: -0.0056171184 | KF13: =KD13-KE13 -> -1231.5757 | KG13: -1231.5151 | KH13: -1231.5151 | KI13: -1231.6281 | KJ13: -0.54577944 | KK13: -1.5160772 | KL13: =1.2*KK13+(1/3)*KJ13+JY13 -> -1231.5208 | KM13: =1.3*KK13+JY13 -> -1231.4904 | KN13: =627.5095*(JY15-JY14) -> 2.3042495 | KO13: =627.5095*(KF15-KF14) -> 2.64622 | KP13: =627.5095*(KL15-KL14) -> 3.243525 | KQ13: =627.5095*(KM15-KM14) -> 3.5506702 | KR13: =627.5095*(KD15-KD14) -> 2.6073774 | KS13: =627.5095*(KC15-KC14) -> 1.416944 | KT13: =627.5095*(KB15-KB14) -> 1.3975227 | KU13: =627.5095*(KA15-KA14) -> 1.5860038 | KV13: =627.5095*(JZ15-JZ14) -> 1.5471613 | KW13: =KV13-KR13 -> -1.0602161 | KX13: =627.5095*(JT15-JT14) -> 1.5923466 | KY13: =627.5095*(JU15-JU14) -> 1.9003776 | KZ13: =627.5095*(JV15-JV14) -> 1.8869189 | LA13: =KV13-KT13 -> 0.14963858 | LB13: =LA13-GD13 -> -0.22993537 | LC13: =KN13-'PNO-LCCSD(T)'!AB12 -> -0.0014959827 | LD13: =KV13-GB13 -> -0.83031398 | LE13: =KX13-KV13 -> 0.045185328 | LF13: =KY13-KX13 -> 0.30803094 | LG13: =AD13 -> 04_end | LH13: =627.5095*(KG15-KG14) -> 1.3561591 | LI13: =KS13-LH13 -> 0.060784887 | LJ13: =KT13-LH13 -> 0.041363638 | LK13: =627.5095*(KI15-KI14) -> 1.5695023 | LL13: =KU13-LK13 -> 0.016501517 | LM13: =KV13-LK13 -> -0.022340976 | LN13: =AP13-KS13 -> 0.94534578 | LP13: 04_end | LQ13: -1229.5195 | LR13: -1231.7181 | LS13: -1231.7125 | LT13: -1231.5986 | LU13: -1231.5958 | LV13: -1231.5814 | LW13: -0.0056171184 | LX13: =LV13-LW13 -> -1231.5757 | LY13: ∆E#fwd | LZ13: =627.5095*(LQ15-LQ14) -> 2.3042495 | MA13: =627.5095*(LX15-LX14) -> 2.6462199 | MB13: =627.5095*(LV15-LV14) -> 2.6073774 | MC13: =627.5095*(LU15-LU14) -> 1.416944 | MD13: =627.5095*(LT15-LT14) -> 1.3975227 | ME13: =627.5095*(LS15-LS14) -> 1.5860038 | MF13: =627.5095*(LR15-LR14) -> 1.5471613 | MG13: =MF13-MB13 -> -1.0602161 | MH13: =MF13-MD13 -> 0.14963857 | MJ13: 04_end | MK13: -1229.5195 | ML13: -1231.7174 | MM13: -1231.7019 | MN13: -1231.5975 | MO13: -1231.5898 | MP13: -1231.5811 | MQ13: -0.015484454 | MR13: =MP13-MQ13 -> -1231.5656 | MS13: ∆E#fwd | MT13: =627.5095*(MK15-MK14) -> 2.3042495 | MU13: =627.5095*(MR15-MR14) -> 2.7535507 | MV13: =627.5095*(MP15-MP14) -> 2.6228057 | MW13: =627.5095*(MO15-MO14) -> 1.454825 | MX13: =627.5095*(MN15-MN14) -> 1.3894525 | MY13: =627.5095*(MM15-MM14) -> 1.6489718 | MZ13: =627.5095*(ML15-ML14) -> 1.5182269 | NA13: =MZ13-MV13 -> -1.1045788 | NB13: =MZ13-MX13 -> 0.12877439 | NC13: =LA13-NB13 -> 0.020864189 | NE13: 04_end | NF13: -1229.5195 | NG13: -1231.7174 | NH13: -1231.7019 | NI13: -1231.5975 | NJ13: -1231.5898 | NK13: -1231.5811 | NL13: -0.015470536 | NM13: =NK13-NL13 -> -1231.5657 | NN13: ∆E#fwd | NO13: =627.5095*(NF15-NF14) -> 2.3042495 | NP13: =627.5095*(NM15-NM14) -> 2.7533858 | NQ13: =627.5095*(NK15-NK14) -> 2.620303 | NR13: =627.5095*(NJ15-NJ14) -> 1.4567551 | NS13: =627.5095*(NI15-NI14) -> 1.3902137 | NT13: =627.5095*(NH15-NH14) -> 1.6506929 | NU13: =627.5095*(NG15-NG14) -> 1.5176101 | NV13: =NU13-NQ13 -> -1.1026929 | NW13: =NU13-NS13 -> 0.12739646 | NX13: =NW13-NB13 -> -0.001377923 | NZ13: 04_end | OA13: -1229.5508 | OB13: -1231.8756 | OC13: -1231.8512 | OD13: -1231.7436 | OE13: -1231.7314 | OF13: -1231.7482 | OG13: -0.024426299 | OH13: =OF13-OG13 -> -1231.7238 | OI13: ∆E#fwd | OJ13: =627.5095*(OA15-OA14) -> 2.3106839 | OK13: =627.5095*(OH15-OH14) -> 2.8119436 | OL13: =627.5095*(OF15-OF14) -> 2.569705 | OM13: =627.5095*(OE15-OE14) -> 1.4735301 | ON13: =627.5095*(OD15-OD14) -> 1.3524108 | OO13: =627.5095*(OC15-OC14) -> 1.7110429 | OP13: =627.5095*(OB15-OB14) -> 1.4688043 | OQ13: =OP13-OL13 -> -1.1009007 | OR13: =OP13-ON13 -> 0.11639351 | OT13: 04_end | OU13: -1229.5508 | OV13: -1231.8755 | OW13: -1231.8666 | OX13: -1231.7455 | OY13: -1231.7411 | OZ13: -1231.7486 | PA13: -0.0088696494 | PB13: -1231.7397 | PC13: ∆E#fwd | PD13: 2.3106839 | PE13: 2.5916361 | PF13: 2.5529102 | PG13: 1.3401453 | PH13: 1.3207823 | PI13: 1.4921275 | PJ13: 1.4534016 | PK13: -1.0995086 | PL13: 0.13261924 | PO13: =OJ13-MT13 -> 0.0064343443 | PP13: =ON13-MX13 -> -0.037041729 | PQ13: =PP13-PO13 -> -0.043476073 | PR13: ='LNO-CCSD(T)-def2nZVP'!LB13 -> -0.22993537 | PS13: =PO$2*PO13+PQ$2*PQ13 -> -0.031318216 | PT13: =PR13*PR$2 -> -0.13967833 | PU13: =-'LNO-CCSD(T)-def2nZVP'!FA13+'CCSD(T)'!CI13 -> -0.017219119 | PV13: ='LNO-CCSD(T)-def2nZVP'!KV13+PS13+PT13+PU13 -> 1.3589456 | PX13: 0.0064343443 | PY13: -0.076740377 | PZ13: -0.083174721 | QA13: -0.22993537 | QB13: -0.060724601 | QC13: -0.13967833 | QD13: -0.017219119 | QE13: 1.3295393 | QF13: =QE13-PV13 -> -0.029406384 | QH13: 04_end | QI13: -1229.5195 | QJ13: -1231.4227 | QK13: -1231.4181 | QL13: -1231.3155 | QM13: -1231.3132 | QN13: -1231.2989 | QO13: -0.004568251 | QP13: =QN13-QO13 -> -1231.2943 | QQ13: ∆E#fwd | QR13: =627.5095*(QI15-QI14) -> 2.3042495 | QS13: =627.5095*(QP15-QP14) -> 2.9566121 | QT13: =627.5095*(QN15-QN14) -> 2.9537762 | QU13: =627.5095*(QM15-QM14) -> 1.6293647 | QV13: =627.5095*(QL15-QL14) -> 1.6279467 | QW13: =627.5095*(QK15-QK14) -> 1.9270092 | QX13: =627.5095*(QJ15-QJ14) -> 1.9241733 | QY13: =QX13-QT13 -> -1.029603 | QZ13: =QX13-QV13 -> 0.29622655 | RB13: 04_end | RC13: -1229.5508 | RD13: -1231.5468 | RE13: -1231.5392 | RF13: -1231.4314 | RG13: -1231.4276 | RH13: -1231.4359 | RI13: -0.0076554344 | RJ13: =RH13-RI13 -> -1231.4282 | RK13: ∆E#fwd | RL13: =627.5095*(RC15-RC14) -> 2.310683 | RM13: =627.5095*(RJ15-RJ14) -> 3.1697717 | RN13: =627.5095*(RH15-RH14) -> 3.1327244 | RO13: =627.5095*(RG15-RG14) -> 1.7742473 | RP13: =627.5095*(RF15-RF14) -> 1.7557237 | RQ13: =627.5095*(RE15-RE14) -> 2.1068977 | RR13: =627.5095*(RD15-RD14) -> 2.0698504 | RS13: =RR13-RN13 -> -1.062874 | RT13: =RR13-RP13 -> 0.31412673
A14: 8.85 | C14: 04_start | D14: -1228.8774 | E14: -1230.5458 | F14: -1230.5432 | G14: -1230.4592 | H14: -1230.4579 | I14: -1230.4346 | J14: -1230.4319 | K14: ∆E#rev | L14: =627.5095*(D15-D13) -> 25.711689 | M14: =627.5095*(J15-J13) -> 4.0067905 | N14: =627.5095*(I15-I13) -> 3.9857118 | O14: =627.5095*(H15-H13) -> 15.046764 | P14: =627.5095*(G15-G13) -> 15.036224 | Q14: =627.5095*(F15-F13) -> 9.4135568 | R14: =627.5095*(E15-E13) -> 9.3924781 | S14: =R14-N14 -> 5.4067663 | T14: =R14-P14 -> -5.6437463 | V14: =L14-'CCSD(T)'!BV14 -> 0.0040717963 | W14: =N14-'CCSD(T)'!BW14 -> -0.0039885309 | X14: =P14-'CCSD(T)'!BX14 -> 0.004962591 | Y14: =R14-'CCSD(T)'!BY14 -> 0.029046535 | Z14: =R14-'DLPNO-CCSD(T1 or T0)'!CT13 -> 0.14111432 | AA14: =X14-V14 -> 0.00089079468 | AB14: =Y14-X14 -> 0.024083944 | AD14: 04_start | AE14: -1228.8774 | AF14: -1230.5458 | AG14: -1230.5432 | AH14: -1230.4592 | AI14: -1230.4579 | AJ14: -1230.4346 | AK14: -1230.4319 | AL14: ∆E#rev | AM14: =627.5095*(AE15-AE13) -> 25.711689 | AN14: =627.5095*(AK15-AK13) -> 4.0067905 | AO14: =627.5095*(AJ15-AJ13) -> 3.9857118 | AP14: =627.5095*(AI15-AI13) -> 15.046764 | AQ14: =627.5095*(AH15-AH13) -> 15.036224 | AR14: =627.5095*(AG15-AG13) -> 9.4135568 | AS14: =627.5095*(AF15-AF13) -> 9.3924781 | AT14: =AS14-AO14 -> 5.4067663 | AU14: =AS14-AQ14 -> -5.6437463 | AW14: =AM14-'CCSD(T)'!BV14 -> 0.0040717963 | AX14: =AO14-'CCSD(T)'!BW14 -> -0.0039885309 | AY14: =AQ14-'CCSD(T)'!BX14 -> 0.0049625973 | AZ14: =AS14-'CCSD(T)'!BY14 -> 0.029046541 | BA14: =AS14-'DLPNO-CCSD(T1 or T0)'!CT13 -> 0.14111432 | BB14: =AY14-AW14 -> 0.00089080095 | BC14: =AZ14-AY14 -> 0.024083944 | BE14: 04_start | BF14: -1228.8774 | BG14: -1230.5456 | BH14: -1230.5379 | BI14: -1230.4585 | BJ14: -1230.4547 | BK14: -1230.4343 | BL14: -0.0076273011 | BM14: =BK14-BL14 -> -1230.4267 | BN14: ∆E#rev | BO14: =627.5095*(BF15-BF13) -> 25.711689 | BP14: =627.5095*(BM15-BM13) -> 4.0847398 | BQ14: =627.5095*(BK15-BK13) -> 3.9836918 | BR14: =627.5095*(BJ15-BJ13) -> 15.108681 | BS14: =627.5095*(BI15-BI13) -> 15.058157 | BT14: =627.5095*(BH15-BH13) -> 9.524574 | BU14: =627.5095*(BG15-BG13) -> 9.4235261 | BV14: =BU14-BQ14 -> 5.4398342 | BW14: =BU14-BS14 -> -5.634631 | BX14: =AU14-BW14 -> -0.0091153785 | BY14: =BO14-'CCSD(T)'!BV14 -> 0.0040717963 | BZ14: =BQ14-'CCSD(T)'!BW14 -> -0.006008484 | CA14: =BS14-'CCSD(T)'!BX14 -> 0.026895184 | CB14: =BU14-'CCSD(T)'!BY14 -> 0.060094506 | CC14: =BU14-'DLPNO-CCSD(T1 or T0)'!CT13 -> 0.17216229 | CD14: =CA14-BY14 -> 0.022823387 | CE14: =CB14-CA14 -> 0.033199323 | CG14: 04_start | CH14: -1228.8774 | CI14: -1230.5456 | CJ14: -1230.538 | CK14: -1230.4585 | CL14: -1230.4547 | CM14: -1230.4343 | CN14: -0.0076107818 | CO14: =CM14-CN14 -> -1230.4267 | CP14: ∆E#rev | CQ14: =627.5095*(CH15-CH13) -> 25.711689 | CR14: =627.5095*(CO15-CO13) -> 4.0714332 | CS14: =627.5095*(CM15-CM13) -> 3.9793799 | CT14: =627.5095*(CL15-CL13) -> 15.100797 | CU14: =627.5095*(CK15-CK13) -> 15.054771 | CV14: =627.5095*(CJ15-CJ13) -> 9.5123452 | CW14: =627.5095*(CI15-CI13) -> 9.4202918 | CX14: =CW14-CS14 -> 5.440912 | CY14: =CW14-CU14 -> -5.634479 | CZ14: =CY14-BW14 -> 0.00015198296 | DA14: =CQ14-'CCSD(T)'!BV14 -> 0.0040717963 | DB14: =CS14-'CCSD(T)'!BW14 -> -0.010320422 | DC14: =CU14-'CCSD(T)'!BX14 -> 0.023508979 | DD14: =CW14-'CCSD(T)'!BY14 -> 0.056860285 | DE14: =CW14-'DLPNO-CCSD(T1 or T0)'!CT13 -> 0.16892807 | DF14: =DC14-DA14 -> 0.019437183 | DG14: =DD14-DC14 -> 0.033351306 | DI14: 04_start | DJ14: -1228.8774 | DK14: -1230.5457 | DL14: -1230.5454 | DM14: -1230.4592 | DN14: -1230.459 | DO14: -1230.4346 | DP14: -0.00037208251 | DQ14: =DO14-DP14 -> -1230.4343 | DR14: ∆E#rev | DS14: =627.5095*(DJ15-DJ13) -> 25.711689 | DT14: =627.5095*(DQ15-DQ13) -> 3.9358892 | DU14: =627.5095*(DO15-DO13) -> 3.9498057 | DV14: =627.5095*(DN15-DN13) -> 14.991809 | DW14: =627.5095*(DM15-DM13) -> 14.998767 | DX14: =627.5095*(DL15-DL13) -> 9.3117372 | DY14: =627.5095*(DK15-DK13) -> 9.3256537 | DZ14: =DY14-DU14 -> 5.375848 | EA14: =DY14-DW14 -> -5.6731135 | EB14: =EA14-T14 -> -0.029367213 | EC14: =DS14-'CCSD(T)'!BV14 -> 0.0040717963 | ED14: =DU14-'CCSD(T)'!BW14 -> -0.03989458 | EE14: =DW14-'CCSD(T)'!BX14 -> -0.032494543 | EF14: =DY14-'CCSD(T)'!BY14 -> -0.037777811 | EG14: =DY14-'DLPNO-CCSD(T1 or T0)'!CT13 -> 0.074289971 | EH14: =EE14-EC14 -> -0.036566339 | EI14: =EF14-EE14 -> -0.0052832685 | EK14: 04_start | EL14: -1228.937 | EM14: -1230.7408 | EN14: -1230.7379 | EO14: -1230.6467 | EP14: -1230.6453 | EQ14: -1230.6211 | ER14: -0.0028798154 | ES14: =EQ14-ER14 -> -1230.6183 | ET14: ∆E#rev | EU14: =627.5095*(EL15-EL13) -> 25.086561 | EV14: =627.5095*(ES15-ES13) -> 3.104062 | EW14: =627.5095*(EQ15-EQ13) -> 3.051686 | EX14: =627.5095*(EP15-EP13) -> 14.297615 | EY14: =627.5095*(EO15-EO13) -> 14.271427 | EZ14: =627.5095*(EN15-EN13) -> 8.6023376 | FA14: =627.5095*(EM15-EM13) -> 8.5499616 | FB14: =FA14-EW14 -> 5.4982756 | FC14: =FA14-EY14 -> -5.721465 | FD14: =EU14-'CCSD(T)'!BB14 -> 0.00026994851 | FE14: =EW14-'CCSD(T)'!BC14 -> -0.019597064 | FF14: =EY14-'CCSD(T)'!CH14 -> -0.034538173 | FG14: =FA14-'CCSD(T)'!CI14 -> -0.049243572 | FH14: =FA14-'DLPNO-CCSD(T1 or T0)'!AF13 -> 0.19009623 | FI14: =FF14-FD14 -> -0.034808122 | FJ14: =FG14-FF14 -> -0.014705398 | FL14: 04_start | FM14: -1228.937 | FN14: -1230.7408 | FO14: -1230.7379 | FP14: -1230.6467 | FQ14: -1230.6453 | FR14: -1230.6211 | FS14: -0.0028798154 | FT14: =FR14-FS14 -> -1230.6183 | FU14: ∆E#rev | FV14: =627.5095*(FM15-FM13) -> 25.086561 | FW14: =627.5095*(FT15-FT13) -> 3.104062 | FX14: =627.5095*(FR15-FR13) -> 3.051686 | FY14: =627.5095*(FQ15-FQ13) -> 14.297615 | FZ14: =627.5095*(FP15-FP13) -> 14.271427 | GA14: =627.5095*(FO15-FO13) -> 8.6023376 | GB14: =627.5095*(FN15-FN13) -> 8.5499616 | GC14: =GB14-FX14 -> 5.4982756 | GD14: =GB14-FZ14 -> -5.721465 | GE14: =LA14-GD14 -> 0.028214126 | GF14: =FV14-'CCSD(T)'!BB14 -> 0.00026994851 | GG14: =FX14-'CCSD(T)'!BC14 -> -0.019597076 | GH14: =FZ14-'CCSD(T)'!BD14 -> -0.034538186 | GI14: =GB14-'CCSD(T)'!BE14 -> -0.049243597 | GJ14: =GB14-'DLPNO-CCSD(T1 or T0)'!O13 -> 0.69285054 | GK14: =GH14-GF14 -> -0.034808134 | GL14: =GI14-GH14 -> -0.014705411 | GN14: 04_start | GO14: -1228.937 | GP14: -1230.7403 | GQ14: -1230.7316 | GR14: -1230.6459 | GS14: -1230.6416 | GT14: -1230.6208 | GU14: -0.0086681099 | GV14: =GT14-GU14 -> -1230.6121 | GW14: ∆E#rev | GX14: =627.5095*(GO15-GO13) -> 25.086561 | GY14: =627.5095*(GV15-GV13) -> 3.3697489 | GZ14: =627.5095*(GT15-GT13) -> 3.1020973 | HA14: =627.5095*(GS15-GS13) -> 14.451455 | HB14: =627.5095*(GR15-GR13) -> 14.31763 | HC14: =627.5095*(GQ15-GQ13) -> 8.875883 | HD14: =627.5095*(GP15-GP13) -> 8.6082314 | HE14: =HD14-GZ14 -> 5.5061341 | HF14: =HD14-HB14 -> -5.7093982 | HG14: =GD14-HF14 -> -0.012066838 | HH14: =GX14-'CCSD(T)'!BB14 -> 0.00026994851 | HI14: =GZ14-'CCSD(T)'!BC14 -> 0.030814169 | HJ14: =HB14-'CCSD(T)'!BD14 -> 0.011664761 | HK14: =HD14-'CCSD(T)'!BE14 -> 0.0090261887 | HL14: =HD14-'DLPNO-CCSD(T1 or T0)'!CT13 -> -0.64313237 | HM14: =HJ14-HH14 -> 0.011394813 | HN14: =HK14-HJ14 -> -0.0026385728 | HP14: 04_start | HQ14: -1228.937 | HR14: -1230.7403 | HS14: -1230.7316 | HT14: -1230.6459 | HU14: -1230.6416 | HV14: -1230.6208 | HW14: -0.0086521225 | HX14: =HV14-HW14 -> -1230.6122 | HY14: ∆E#rev | HZ14: =627.5095*(HQ15-HQ13) -> 25.086561 | IA14: =627.5095*(HX15-HX13) -> 3.3528878 | IB14: =627.5095*(HV15-HV13) -> 3.0962748 | IC14: =627.5095*(HU15-HU13) -> 14.443132 | ID14: =627.5095*(HT15-HT13) -> 14.314825 | IE14: =627.5095*(HS15-HS13) -> 8.8602338 | IF14: =627.5095*(HR15-HR13) -> 8.6036209 | IG14: =IF14-IB14 -> 5.5073461 | IH14: =IF14-ID14 -> -5.7112046 | II14: =IH14-HF14 -> -0.0018063864 | IJ14: =HZ14-'CCSD(T)'!BB14 -> 0.00026994851 | IK14: =IB14-'CCSD(T)'!BC14 -> 0.024991678 | IL14: =ID14-'CCSD(T)'!BD14 -> 0.0088606034 | IM14: =IF14-'CCSD(T)'!BE14 -> 0.0044156442 | IN14: =IF14-'DLPNO-CCSD(T1 or T0)'!CT13 -> -0.64774291 | IO14: =IL14-IJ14 -> 0.0085906549 | IP14: =IM14-IL14 -> -0.0044449592 | IR14: 04_start | IS14: -1228.937 | IT14: -1230.741 | IU14: -1230.7405 | IV14: -1230.6469 | IW14: -1230.6466 | IX14: -1230.6212 | IY14: -0.00050963325 | IZ14: =IX14-IY14 -> -1230.6207 | JA14: ∆E#rev | JB14: =627.5095*(IS15-IS13) -> 25.086561 | JC14: =627.5095*(IZ15-IZ13) -> 3.0372705 | JD14: =627.5095*(IX15-IX13) -> 3.047187 | JE14: =627.5095*(IW15-IW13) -> 14.248607 | JF14: =627.5095*(IV15-IV13) -> 14.253565 | JG14: =627.5095*(IU15-IU13) -> 8.5273006 | JH14: =627.5095*(IT15-IT13) -> 8.5372172 | JI14: =JH14-JD14 -> 5.4900301 | JJ14: =JH14-JF14 -> -5.7163478 | JK14: =JJ14-FC14 -> 0.0051172269 | JL14: =JB14-'CCSD(T)'!BB14 -> 0.00026994851 | JM14: =JD14-'CCSD(T)'!BC14 -> -0.024096068 | JN14: =JF14-'CCSD(T)'!BD14 -> -0.05239988 | JO14: =JH14-'CCSD(T)'!BE14 -> -0.061988051 | JP14: =JH14-'DLPNO-CCSD(T1 or T0)'!CT13 -> -0.71414661 | JQ14: =JN14-JL14 -> -0.052669828 | JR14: =JO14-JN14 -> -0.0095881714 | JT14: -1231.7964 | JU14: -1231.4224 | JV14: -1231.4188 | JX14: 04_start | JY14: -1229.4862 | JZ14: -1231.7082 | KA14: -1231.7026 | KB14: -1231.5794 | KC14: -1231.5766 | KD14: -1231.5842 | KE14: -0.0055610823 | KF14: =KD14-KE14 -> -1231.5787 | KG14: -1231.4954 | KH14: -1231.4954 | KI14: -1231.6178 | KJ14: -0.55988769 | KK14: -1.538209 | KL14: =1.2*KK14+(1/3)*KJ14+JY14 -> -1231.5187 | KM14: =1.3*KK14+JY14 -> -1231.4859 | KN14: =627.5095*(JY15-JY13) -> 23.22695 | KO14: =627.5095*(KF15-KF13) -> 0.79654536 | KP14: =627.5095*(KL15-KL13) -> 4.5496755 | KQ14: =627.5095*(KM15-KM13) -> 6.4190486 | KR14: =627.5095*(KD15-KD13) -> 0.79286607 | KS14: =627.5095*(KC15-KC13) -> 13.452882 | KT14: =627.5095*(KB15-KB13) -> 13.451042 | KU14: =627.5095*(KA15-KA13) -> 7.7614709 | KV14: =627.5095*(JZ15-JZ13) -> 7.7577916 | KW14: =KV14-KR14 -> 6.9649255 | KX14: =627.5095*(JT15-JT13) -> 7.5192977 | KY14: =627.5095*(JU15-JU13) -> 7.8437202 | KZ14: =627.5095*(JV15-JV13) -> 7.9326117 | LA14: =KV14-KT14 -> -5.6932509 | LB14: =LA14-GD14 -> 0.028214126 | LC14: =KN14-'PNO-LCCSD(T)'!AB13 -> 9.2243777e-05 | LD14: =KV14-GB14 -> -0.79217001 | LE14: =KX14-KV14 -> -0.2384939 | LF14: =KY14-KX14 -> 0.32442249 | LG14: =AD14 -> 04_start | LH14: =627.5095*(KG15-KG13) -> 13.713797 | LI14: =KS14-LH14 -> -0.26091442 | LJ14: =KT14-LH14 -> -0.26275406 | LK14: =627.5095*(KI15-KI13) -> 8.0150766 | LL14: =KU14-LK14 -> -0.25360567 | LM14: =KV14-LK14 -> -0.25728495 | LN14: =AP14-KS14 -> 1.5938817 | LP14: 04_start | LQ14: -1229.4862 | LR14: -1231.7082 | LS14: -1231.7026 | LT14: -1231.5794 | LU14: -1231.5766 | LV14: -1231.5842 | LW14: -0.0055610823 | LX14: =LV14-LW14 -> -1231.5787 | LY14: ∆E#rev | LZ14: =627.5095*(LQ15-LQ13) -> 23.22695 | MA14: =627.5095*(LX15-LX13) -> 0.79654533 | MB14: =627.5095*(LV15-LV13) -> 0.79286605 | MC14: =627.5095*(LU15-LU13) -> 13.452882 | MD14: =627.5095*(LT15-LT13) -> 13.451042 | ME14: =627.5095*(LS15-LS13) -> 7.7614709 | MF14: =627.5095*(LR15-LR13) -> 7.7577916 | MG14: =MF14-MB14 -> 6.9649255 | MH14: =MF14-MD14 -> -5.6932509 | MJ14: 04_start | MK14: -1229.4862 | ML14: -1231.7076 | MM14: -1231.6923 | MN14: -1231.5784 | MO14: -1231.5708 | MP14: -1231.5841 | MQ14: -0.015296275 | MR14: =MP14-MQ14 -> -1231.5688 | MS14: ∆E#rev | MT14: =627.5095*(MK15-MK13) -> 23.22695 | MU14: =627.5095*(MR15-MR13) -> 0.76664582 | MV14: =627.5095*(MP15-MP13) -> 0.7539855 | MW14: =627.5095*(MO15-MO13) -> 13.349063 | MX14: =627.5095*(MN15-MN13) -> 13.342733 | MY14: =627.5095*(MM15-MM13) -> 7.6467544 | MZ14: =627.5095*(ML15-ML13) -> 7.6340941 | NA14: =MZ14-MV14 -> 6.8801086 | NB14: =MZ14-MX14 -> -5.7086392 | NC14: =LA14-NB14 -> 0.015388303 | NE14: 04_start | NF14: -1229.4862 | NG14: -1231.7076 | NH14: -1231.6924 | NI14: -1231.5785 | NJ14: -1231.5708 | NK14: -1231.5841 | NL14: -0.015290513 | NM14: =NK14-NL14 -> -1231.5688 | NN14: ∆E#rev | NO14: =627.5095*(NF15-NF13) -> 23.22695 | NP14: =627.5095*(NM15-NM13) -> 0.76788401 | NQ14: =627.5095*(NK15-NK13) -> 0.74776694 | NR14: =627.5095*(NJ15-NJ13) -> 13.349216 | NS14: =627.5095*(NI15-NI13) -> 13.339158 | NT14: =627.5095*(NH15-NH13) -> 7.6473274 | NU14: =627.5095*(NG15-NG13) -> 7.6272104 | NV14: =NU14-NQ14 -> 6.8794434 | NW14: =NU14-NS14 -> -5.7119476 | NX14: =NW14-NB14 -> -0.003308412 | NZ14: 04_start | OA14: -1229.5174 | OB14: -1231.865 | OC14: -1231.8407 | OD14: -1231.7235 | OE14: -1231.7114 | OF14: -1231.7505 | OG14: -0.024252604 | OH14: =OF14-OG14 -> -1231.7263 | OI14: ∆E#rev | OJ14: =627.5095*(OA15-OA13) -> 23.26825 | OK14: =627.5095*(OH15-OH13) -> 1.2687837 | OL14: =627.5095*(OF15-OF13) -> 1.1355407 | OM14: =627.5095*(OE15-OE13) -> 14.017719 | ON14: =627.5095*(OD15-OD13) -> 13.951097 | OO14: =627.5095*(OC15-OC13) -> 8.2612525 | OP14: =627.5095*(OB15-OB13) -> 8.1280095 | OQ14: =OP14-OL14 -> 6.9924689 | OR14: =OP14-ON14 -> -5.8230878 | OT14: 04_start | OU14: -1229.5174 | OV14: -1231.8646 | OW14: -1231.8558 | OX14: -1231.7252 | OY14: -1231.7208 | OZ14: -1231.7508 | PA14: -0.0088184221 | PB14: -1231.7419 | PC14: ∆E#rev | PD14: 23.26825 | PE14: 1.2132283 | PF14: 1.206648 | PG14: 14.081445 | PH14: 14.078155 | PI14: 8.2941326 | PJ14: 8.2875523 | PK14: 7.0809043 | PL14: -5.7906026 | PO14: =OJ14-MT14 -> 0.04129977 | PP14: =ON14-MX14 -> 0.60836402 | PQ14: =PP14-PO14 -> 0.56706425 | PR14: ='LNO-CCSD(T)-def2nZVP'!LB14 -> 0.028214126 | PS14: =PO$2*PO14+PQ$2*PQ14 -> 0.42573585 | PT14: =PR14*PR$2 -> 0.017139173 | PU14: =-'LNO-CCSD(T)-def2nZVP'!FA14+'CCSD(T)'!CI14 -> 0.049243572 | PV14: ='LNO-CCSD(T)-def2nZVP'!KV14+PS14+PT14+PU14 -> 8.2499102 | PX14: 0.041299751 | PY14: 0.6271124 | PZ14: 0.58581265 | QA14: 0.028214126 | QB14: 0.43962355 | QC14: 0.017139173 | QD14: 0.049243572 | QE14: 8.2637979 | QF14: =QE14-PV14 -> 0.013887693 | QH14: 04_start | QI14: -1229.4862 | QJ14: -1231.4131 | QK14: -1231.4086 | QL14: -1231.2962 | QM14: -1231.294 | QN14: -1231.2997 | QO14: -0.0045463799 | QP14: =QN14-QO14 -> -1231.2951 | QQ14: ∆E#rev | QR14: =627.5095*(QI15-QI13) -> 23.22695 | QS14: =627.5095*(QP15-QP13) -> 2.4669849 | QT14: =627.5095*(QN15-QN13) -> 2.4778733 | QU14: =627.5095*(QM15-QM13) -> 13.682092 | QV14: =627.5095*(QL15-QL13) -> 13.687536 | QW14: =627.5095*(QK15-QK13) -> 7.9222759 | QX14: =627.5095*(QJ15-QJ13) -> 7.9331643 | QY14: =QX14-QT14 -> 5.455291 | QZ14: =QX14-QV14 -> -5.754372 | RB14: 04_start | RC14: -1229.5174 | RD14: -1231.5371 | RE14: -1231.5295 | RF14: -1231.4118 | RG14: -1231.408 | RH14: -1231.4367 | RI14: -0.0075992512 | RJ14: =RH14-RI14 -> -1231.4291 | RK14: ∆E#rev | RL14: =627.5095*(RC15-RC13) -> 23.26825 | RM14: =627.5095*(RJ15-RJ13) -> 2.6139258 | RN14: =627.5095*(RH15-RH13) -> 2.612134 | RO14: =627.5095*(RG15-RG13) -> 14.066441 | RP14: =627.5095*(RF15-RF13) -> 14.065545 | RQ14: =627.5095*(RE15-RE13) -> 8.2070993 | RR14: =627.5095*(RD15-RD13) -> 8.2053076 | RS14: =RR14-RN14 -> 5.5931736 | RT14: =RR14-RP14 -> -5.8602378
A15: -7.37 | C15: 04_ts | D15: -1228.8744 | E15: -1230.5414 | F15: -1230.5388 | G15: -1230.4554 | H15: -1230.4541 | I15: -1230.4274 | J15: -1230.4248 | K15: ∆Ereac | L15: =627.5095*(D13-D14) -> -23.805104 | M15: =627.5095*(J13-J14) -> 0.48887215 | N15: =627.5095*(I13-I14) -> 0.49640489 | O15: =627.5095*(H13-H14) -> -12.684474 | P15: =627.5095*(G13-G14) -> -12.680708 | Q15: =627.5095*(F13-F14) -> -6.6352296 | R15: =627.5095*(E13-E14) -> -6.6276969 | S15: =R15-N15 -> -7.1241018 | T15: =R15-P15 -> 6.0530108 | V15: =L15-'CCSD(T)'!BV15 -> -0.0050043005 | W15: =N15-'CCSD(T)'!BW15 -> 0.015604525 | X15: =P15-'CCSD(T)'!BX15 -> 0.020346698 | Y15: =R15-'CCSD(T)'!BY15 -> 0.02275939 | Z15: =R15-'DLPNO-CCSD(T1 or T0)'!CT14 -> -0.20968472 | AA15: =X15-V15 -> 0.025350998 | AB15: =Y15-X15 -> 0.0024126923 | AD15: 04_ts | AE15: -1228.8744 | AF15: -1230.5414 | AG15: -1230.5388 | AH15: -1230.4554 | AI15: -1230.4541 | AJ15: -1230.4274 | AK15: -1230.4248 | AL15: ∆Ereac | AM15: =627.5095*(AE13-AE14) -> -23.805104 | AN15: =627.5095*(AK13-AK14) -> 0.48887214 | AO15: =627.5095*(AJ13-AJ14) -> 0.49640489 | AP15: =627.5095*(AI13-AI14) -> -12.684474 | AQ15: =627.5095*(AH13-AH14) -> -12.680708 | AR15: =627.5095*(AG13-AG14) -> -6.6352296 | AS15: =627.5095*(AF13-AF14) -> -6.6276969 | AT15: =AS15-AO15 -> -7.1241018 | AU15: =AS15-AQ15 -> 6.0530108 | AW15: =AM15-'CCSD(T)'!BV15 -> -0.0050043005 | AX15: =AO15-'CCSD(T)'!BW15 -> 0.015604518 | AY15: =AQ15-'CCSD(T)'!BX15 -> 0.020346691 | AZ15: =AS15-'CCSD(T)'!BY15 -> 0.022759384 | BA15: =AS15-'DLPNO-CCSD(T1 or T0)'!CT14 -> -0.20968473 | BB15: =AY15-AW15 -> 0.025350992 | BC15: =AZ15-AY15 -> 0.0024126923 | BE15: 04_ts | BF15: -1228.8744 | BG15: -1230.5413 | BH15: -1230.5339 | BI15: -1230.4549 | BJ15: -1230.4512 | BK15: -1230.4273 | BL15: -0.0073877144 | BM15: =BK15-BL15 -> -1230.4199 | BN15: ∆Ereac | BO15: =627.5095*(BF13-BF14) -> -23.805104 | BP15: =627.5095*(BM13-BM14) -> 0.19805346 | BQ15: =627.5095*(BK13-BK14) -> 0.44944435 | BR15: =627.5095*(BJ13-BJ14) -> -12.910623 | BS15: =627.5095*(BI13-BI14) -> -12.784928 | BT15: =627.5095*(BH13-BH14) -> -6.9705496 | BU15: =627.5095*(BG13-BG14) -> -6.7191587 | BV15: =BU15-BQ15 -> -7.168603 | BW15: =BU15-BS15 -> 6.0657688 | BX15: =AU15-BW15 -> -0.01275809 | BY15: =BO15-'CCSD(T)'!BV15 -> -0.0050043005 | BZ15: =BQ15-'CCSD(T)'!BW15 -> -0.031356021 | CA15: =BS15-'CCSD(T)'!BX15 -> -0.083873199 | CB15: =BU15-'CCSD(T)'!BY15 -> -0.068702416 | CC15: =BU15-'DLPNO-CCSD(T1 or T0)'!CT14 -> -0.30114653 | CD15: =CA15-BY15 -> -0.078868898 | CE15: =CB15-CA15 -> 0.015170783 | CG15: 04_ts | CH15: -1228.8744 | CI15: -1230.5413 | CJ15: -1230.5339 | CK15: -1230.4549 | CL15: -1230.4512 | CM15: -1230.4273 | CN15: -0.0073693582 | CO15: =CM15-CN15 -> -1230.4199 | CP15: ∆Ereac | CQ15: =627.5095*(CH13-CH14) -> -23.805104 | CR15: =627.5095*(CO13-CO14) -> 0.20711209 | CS15: =627.5095*(CM13-CM14) -> 0.45066103 | CT15: =627.5095*(CL13-CL14) -> -12.904228 | CU15: =627.5095*(CK13-CK14) -> -12.782454 | CV15: =627.5095*(CJ13-CJ14) -> -6.9608406 | CW15: =627.5095*(CI13-CI14) -> -6.7172916 | CX15: =CW15-CS15 -> -7.1679527 | CY15: =CW15-CU15 -> 6.0651622 | CZ15: =CY15-BW15 -> -0.00060659452 | DA15: =CQ15-'CCSD(T)'!BV15 -> -0.0050043005 | DB15: =CS15-'CCSD(T)'!BW15 -> -0.030139343 | DC15: =CU15-'CCSD(T)'!BX15 -> -0.081399544 | DD15: =CW15-'CCSD(T)'!BY15 -> -0.066835356 | DE15: =CW15-'DLPNO-CCSD(T1 or T0)'!CT14 -> -0.29927947 | DF15: =DC15-DA15 -> -0.076395243 | DG15: =DD15-DC15 -> 0.014564188 | DI15: 04_ts | DJ15: -1228.8744 | DK15: -1230.5414 | DL15: -1230.541 | DM15: -1230.4555 | DN15: -1230.4553 | DO15: -1230.4275 | DP15: -0.00035528208 | DQ15: =DO15-DP15 -> -1230.4272 | DR15: ∆Ereac | DS15: =627.5095*(DJ13-DJ14) -> -23.805104 | DT15: =627.5095*(DQ13-DQ14) -> 0.51594612 | DU15: =627.5095*(DO13-DO14) -> 0.512572 | DV15: =627.5095*(DN13-DN14) -> -12.667273 | DW15: =627.5095*(DM13-DM14) -> -12.66896 | DX15: =627.5095*(DL13-DL14) -> -6.5935874 | DY15: =627.5095*(DK13-DK14) -> -6.5969615 | DZ15: =DY15-DU15 -> -7.1095335 | EA15: =DY15-DW15 -> 6.0719981 | EB15: =EA15-T15 -> 0.018987302 | EC15: =DS15-'CCSD(T)'!BV15 -> -0.0050042817 | ED15: =DU15-'CCSD(T)'!BW15 -> 0.031771629 | EE15: =DW15-'CCSD(T)'!BX15 -> 0.03209478 | EF15: =DY15-'CCSD(T)'!BY15 -> 0.053494774 | EG15: =DY15-'DLPNO-CCSD(T1 or T0)'!CT14 -> -0.17894934 | EH15: =EE15-EC15 -> 0.037099062 | EI15: =EF15-EE15 -> 0.021399994 | EK15: 04_ts | EL15: -1228.9342 | EM15: -1230.737 | EN15: -1230.7342 | EO15: -1230.6435 | EP15: -1230.6421 | EQ15: -1230.615 | ER15: -0.0028706372 | ES15: =EQ15-ER15 -> -1230.6121 | ET15: ∆Ereac | EU15: =627.5095*(EL13-EL14) -> -23.296603 | EV15: =627.5095*(ES13-ES14) -> 0.75491359 | EW15: =627.5095*(EQ13-EQ14) -> 0.81304887 | EX15: =627.5095*(EP13-EP14) -> -12.302593 | EY15: =627.5095*(EO13-EO14) -> -12.273525 | EZ15: =627.5095*(EN13-EN14) -> -6.2306216 | FA15: =627.5095*(EM13-EM14) -> -6.1724863 | FB15: =FA15-EW15 -> -6.9855352 | FC15: =FA15-EY15 -> 6.101039 | FD15: =EU15-'CCSD(T)'!BB15 -> -0.0013367208 | FE15: =EW15-'CCSD(T)'!BC15 -> -0.028481073 | FF15: =EY15-'CCSD(T)'!CH15 -> 0.020791823 | FG15: =FA15-'CCSD(T)'!CI15 -> 0.066462691 | FH15: =FA15-'DLPNO-CCSD(T1 or T0)'!AF14 -> -0.10742248 | FI15: =FF15-FD15 -> 0.022128543 | FJ15: =FG15-FF15 -> 0.045670868 | FL15: 04_ts | FM15: -1228.9342 | FN15: -1230.737 | FO15: -1230.7342 | FP15: -1230.6435 | FQ15: -1230.6421 | FR15: -1230.615 | FS15: -0.0028706372 | FT15: =FR15-FS15 -> -1230.6121 | FU15: ∆Ereac | FV15: =627.5095*(FM13-FM14) -> -23.296603 | FW15: =627.5095*(FT13-FT14) -> 0.7549135 | FX15: =627.5095*(FR13-FR14) -> 0.81304879 | FY15: =627.5095*(FQ13-FQ14) -> -12.302593 | FZ15: =627.5095*(FP13-FP14) -> -12.273525 | GA15: =627.5095*(FO13-FO14) -> -6.2306216 | GB15: =627.5095*(FN13-FN14) -> -6.1724863 | GC15: =GB15-FX15 -> -6.9855351 | GD15: =GB15-FZ15 -> 6.101039 | GE15: =LA15-GD15 -> -0.2581495 | GF15: =FV15-'CCSD(T)'!BB15 -> -0.0013367145 | GG15: =FX15-'CCSD(T)'!BC15 -> -0.028481161 | GH15: =FZ15-'CCSD(T)'!BD15 -> 0.020791797 | GI15: =GB15-'CCSD(T)'!BE15 -> 0.066462647 | GJ15: =GB15-'DLPNO-CCSD(T1 or T0)'!O14 -> -0.84292327 | GK15: =GH15-GF15 -> 0.022128512 | GL15: =GI15-GH15 -> 0.04567085 | GN15: 04_ts | GO15: -1228.9342 | GP15: -1230.7365 | GQ15: -1230.7279 | GR15: -1230.6428 | GS15: -1230.6384 | GT15: -1230.6147 | GU15: -0.0086554502 | GV15: =GT15-GU15 -> -1230.606 | GW15: ∆Ereac | GX15: =627.5095*(GO13-GO14) -> -23.296603 | GY15: =627.5095*(GV13-GV14) -> 0.46019945 | GZ15: =627.5095*(GT13-GT14) -> 0.73579512 | HA15: =627.5095*(GS13-GS14) -> -12.492893 | HB15: =627.5095*(GR13-GR14) -> -12.355095 | HC15: =627.5095*(GQ13-GQ14) -> -6.530252 | HD15: =627.5095*(GP13-GP14) -> -6.2546564 | HE15: =HD15-GZ15 -> -6.9904515 | HF15: =HD15-HB15 -> 6.1004387 | HG15: =GD15-HF15 -> 0.0006002316 | HH15: =GX15-'CCSD(T)'!BB15 -> -0.0013367145 | HI15: =GZ15-'CCSD(T)'!BC15 -> -0.10573483 | HJ15: =HB15-'CCSD(T)'!BD15 -> -0.060777999 | HK15: =HD15-'CCSD(T)'!BE15 -> -0.015707381 | HL15: =HD15-'DLPNO-CCSD(T1 or T0)'!CT14 -> 0.16335581 | HM15: =HJ15-HH15 -> -0.059441285 | HN15: =HK15-HJ15 -> 0.045070618 | HP15: 04_ts | HQ15: -1228.9342 | HR15: -1230.7365 | HS15: -1230.7279 | HT15: -1230.6428 | HU15: -1230.6385 | HV15: -1230.6147 | HW15: -0.0086455678 | HX15: =HV15-HW15 -> -1230.6061 | HY15: ∆Ereac | HZ15: =627.5095*(HQ13-HQ14) -> -23.296603 | IA15: =627.5095*(HX13-HX14) -> 0.47663762 | IB15: =627.5095*(HV13-HV14) -> 0.73736375 | IC15: =627.5095*(HU13-HU14) -> -12.483647 | ID15: =627.5095*(HT13-HT14) -> -12.353284 | IE15: =627.5095*(HS13-HS14) -> -6.5134171 | IF15: =627.5095*(HR13-HR14) -> -6.2526909 | IG15: =IF15-IB15 -> -6.9900547 | IH15: =IF15-ID15 -> 6.1005934 | II15: =IH15-HF15 -> 0.00015469372 | IJ15: =HZ15-'CCSD(T)'!BB15 -> -0.0013367145 | IK15: =IB15-'CCSD(T)'!BC15 -> -0.1041662 | IL15: =ID15-'CCSD(T)'!BD15 -> -0.058967271 | IM15: =IF15-'CCSD(T)'!BE15 -> -0.013741959 | IN15: =IF15-'DLPNO-CCSD(T1 or T0)'!CT14 -> 0.16532124 | IO15: =IL15-IJ15 -> -0.057630556 | IP15: =IM15-IL15 -> 0.045225312 | IR15: 04_ts | IS15: -1228.9342 | IT15: -1230.7372 | IU15: -1230.7367 | IV15: -1230.6437 | IW15: -1230.6434 | IX15: -1230.615 | IY15: -0.00051948054 | IZ15: =IX15-IY15 -> -1230.6145 | JA15: ∆Ereac | JB15: =627.5095*(IS13-IS14) -> -23.296603 | JC15: =627.5095*(IZ13-IZ14) -> 0.85631548 | JD15: =627.5095*(IX13-IX14) -> 0.84021963 | JE15: =627.5095*(IW13-IW14) -> -12.235545 | JF15: =627.5095*(IV13-IV14) -> -12.243593 | JG15: =627.5095*(IU13-IU14) -> -6.1435696 | JH15: =627.5095*(IT13-IT14) -> -6.1596654 | JI15: =JH15-JD15 -> -6.9998851 | JJ15: =JH15-JF15 -> 6.0839275 | JK15: =JJ15-FC15 -> -0.017111513 | JL15: =JB15-'CCSD(T)'!BB15 -> -0.0013367208 | JM15: =JD15-'CCSD(T)'!BC15 -> -0.00131032 | JN15: =JF15-'CCSD(T)'!BD15 -> 0.050724189 | JO15: =JH15-'CCSD(T)'!BE15 -> 0.079283545 | JP15: =JH15-'DLPNO-CCSD(T1 or T0)'!CT14 -> 0.25834674 | JQ15: =JN15-JL15 -> 0.05206091 | JR15: =JO15-JN15 -> 0.028559356 | JT15: -1231.7938 | JU15: -1231.4194 | JV15: -1231.4158 | JX15: 04_ts | JY15: -1229.4825 | JZ15: -1231.7057 | KA15: -1231.7001 | KB15: -1231.5771 | KC15: -1231.5743 | KD15: -1231.5801 | KE15: -0.0056229817 | KF15: =KD15-KE15 -> -1231.5745 | KG15: -1231.4933 | KH15: -1231.4933 | KI15: -1231.6153 | KJ15: -0.56089772 | KK15: -1.5366811 | KL15: =1.2*KK15+(1/3)*KJ15+JY15 -> -1231.5135 | KM15: =1.3*KK15+JY15 -> -1231.4802 | KN15: =627.5095*(JY13-JY14) -> -20.922701 | KO15: =627.5095*(KF13-KF14) -> 1.8496746 | KP15: =627.5095*(KL13-KL14) -> -1.3061506 | KQ15: =627.5095*(KM13-KM14) -> -2.8683783 | KR15: =627.5095*(KD13-KD14) -> 1.8145114 | KS15: =627.5095*(KC13-KC14) -> -12.035938 | KT15: =627.5095*(KB13-KB14) -> -12.05352 | KU15: =627.5095*(KA13-KA14) -> -6.1754671 | KV15: =627.5095*(JZ13-JZ14) -> -6.2106303 | KW15: =KV15-KR15 -> -8.0251417 | KX15: =627.5095*(JT13-JT14) -> -5.9269511 | KY15: =627.5095*(JU13-JU14) -> -5.9433426 | KZ15: =627.5095*(JV13-JV14) -> -6.0456928 | LA15: =KV15-KT15 -> 5.8428895 | LB15: =LA15-GD15 -> -0.2581495 | LC15: =KN15-'PNO-LCCSD(T)'!AB14 -> -0.0015882264 | LD15: =KV15-GB15 -> -0.038143968 | LE15: =KX15-KV15 -> 0.28367923 | LF15: =KY15-KX15 -> -0.016391552 | LG15: =AD15 -> 04_ts | LH15: =627.5095*(KG13-KG14) -> -12.357637 | LI15: =KS15-LH15 -> 0.32169931 | LJ15: =KT15-LH15 -> 0.3041177 | LK15: =627.5095*(KI13-KI14) -> -6.4455743 | LL15: =KU15-LK15 -> 0.27010719 | LM15: =KV15-LK15 -> 0.23494397 | LN15: =AP15-KS15 -> -0.64853587 | LP15: 04_ts | LQ15: -1229.4825 | LR15: -1231.7057 | LS15: -1231.7001 | LT15: -1231.5771 | LU15: -1231.5743 | LV15: -1231.5801 | LW15: -0.0056229817 | LX15: =LV15-LW15 -> -1231.5745 | LY15: ∆Ereac | LZ15: =627.5095*(LQ13-LQ14) -> -20.922701 | MA15: =627.5095*(LX13-LX14) -> 1.8496746 | MB15: =627.5095*(LV13-LV14) -> 1.8145114 | MC15: =627.5095*(LU13-LU14) -> -12.035938 | MD15: =627.5095*(LT13-LT14) -> -12.05352 | ME15: =627.5095*(LS13-LS14) -> -6.1754671 | MF15: =627.5095*(LR13-LR14) -> -6.2106303 | MG15: =MF15-MB15 -> -8.0251417 | MH15: =MF15-MD15 -> 5.8428895 | MJ15: 04_ts | MK15: -1229.4825 | ML15: -1231.7052 | MM15: -1231.6897 | MN15: -1231.5762 | MO15: -1231.5685 | MP15: -1231.5799 | MQ15: -0.01550463 | MR15: =MP15-MQ15 -> -1231.5644 | MS15: ∆Ereac | MT15: =627.5095*(MK13-MK14) -> -20.922701 | MU15: =627.5095*(MR13-MR14) -> 1.9869048 | MV15: =627.5095*(MP13-MP14) -> 1.8688202 | MW15: =627.5095*(MO13-MO14) -> -11.894238 | MX15: =627.5095*(MN13-MN14) -> -11.953281 | MY15: =627.5095*(MM13-MM14) -> -5.9977826 | MZ15: =627.5095*(ML13-ML14) -> -6.1158672 | NA15: =MZ15-MV15 -> -7.9846874 | NB15: =MZ15-MX15 -> 5.8374136 | NC15: =LA15-NB15 -> 0.0054758862 | NE15: 04_ts | NF15: -1229.4825 | NG15: -1231.7052 | NH15: -1231.6897 | NI15: -1231.5762 | NJ15: -1231.5685 | NK15: -1231.5799 | NL15: -0.015502594 | NM15: =NK15-NL15 -> -1231.5644 | NN15: ∆Ereac | NO15: =627.5095*(NF13-NF14) -> -20.922701 | NP15: =627.5095*(NM13-NM14) -> 1.9855018 | NQ15: =627.5095*(NK13-NK14) -> 1.8725361 | NR15: =627.5095*(NJ13-NJ14) -> -11.892461 | NS15: =627.5095*(NI13-NI14) -> -11.948944 | NT15: =627.5095*(NH13-NH14) -> -5.9966345 | NU15: =627.5095*(NG13-NG14) -> -6.1096002 | NV15: =NU15-NQ15 -> -7.9821363 | NW15: =NU15-NS15 -> 5.8393441 | NX15: =NW15-NB15 -> 0.001930489 | NZ15: 04_ts | OA15: -1229.5138 | OB15: -1231.8627 | OC15: -1231.838 | OD15: -1231.7213 | OE15: -1231.709 | OF15: -1231.7464 | OG15: -0.024638636 | OH15: =OF15-OG15 -> -1231.7218 | OI15: ∆Ereac | OJ15: =627.5095*(OA13-OA14) -> -20.957566 | OK15: =627.5095*(OH13-OH14) -> 1.54316 | OL15: =627.5095*(OF13-OF14) -> 1.4341644 | OM15: =627.5095*(OE13-OE14) -> -12.544189 | ON15: =627.5095*(OD13-OD14) -> -12.598687 | OO15: =627.5095*(OC13-OC14) -> -6.5502096 | OP15: =627.5095*(OB13-OB14) -> -6.6592052 | OQ15: =OP15-OL15 -> -8.0933696 | OR15: =OP15-ON15 -> 5.9394813 | OT15: 04_ts | OU15: -1229.5138 | OV15: -1231.8623 | OW15: -1231.8534 | OX15: -1231.7231 | OY15: -1231.7187 | OZ15: -1231.7467 | PA15: -0.0088801358 | PB15: -1231.7378 | PC15: ∆Ereac | PD15: -20.957566 | PE15: 1.3784078 | PF15: 1.3462622 | PG15: -12.7413 | PH15: -12.757373 | PI15: -6.8020051 | PJ15: -6.8341507 | PK15: -8.1804129 | PL15: 5.9232218 | PO15: =OJ15-MT15 -> -0.034865426 | PP15: =ON15-MX15 -> -0.64540574 | PQ15: =PP15-PO15 -> -0.61054032 | PR15: ='LNO-CCSD(T)-def2nZVP'!LB15 -> -0.2581495 | PS15: =PO$2*PO15+PQ$2*PQ15 -> -0.45705407 | PT15: =PR15*PR$2 -> -0.15681751 | PU15: =-'LNO-CCSD(T)-def2nZVP'!FA15+'CCSD(T)'!CI15 -> -0.066462691 | PV15: ='LNO-CCSD(T)-def2nZVP'!KV15+PS15+PT15+PU15 -> -6.8909646 | PX15: -0.034865407 | PY15: -0.70385278 | PZ15: -0.66898737 | QA15: -0.2581495 | QB15: -0.50034815 | QC15: -0.15681751 | QD15: -0.066462691 | QE15: -6.9342586 | QF15: =QE15-PV15 -> -0.043294077 | QH15: 04_ts | QI15: -1229.4825 | QJ15: -1231.4101 | QK15: -1231.4055 | QL15: -1231.2936 | QM15: -1231.2914 | QN15: -1231.2949 | QO15: -0.0045508992 | QP15: =QN15-QO15 -> -1231.2904 | QQ15: ∆Ereac | QR15: =627.5095*(QI13-QI14) -> -20.922701 | QS15: =627.5095*(QP13-QP14) -> 0.48962729 | QT15: =627.5095*(QN13-QN14) -> 0.47590296 | QU15: =627.5095*(QM13-QM14) -> -12.052727 | QV15: =627.5095*(QL13-QL14) -> -12.05959 | QW15: =627.5095*(QK13-QK14) -> -5.9952667 | QX15: =627.5095*(QJ13-QJ14) -> -6.008991 | QY15: =QX15-QT15 -> -6.484894 | QZ15: =QX15-QV15 -> 6.0505986 | RB15: 04_ts | RC15: -1229.5138 | RD15: -1231.5338 | RE15: -1231.5261 | RF15: -1231.409 | RG15: -1231.4052 | RH15: -1231.4317 | RI15: -0.0076582898 | RJ15: =RH15-RI15 -> -1231.4241 | RK15: ∆Ereac | RL15: =627.5095*(RC13-RC14) -> -20.957567 | RM15: =627.5095*(RJ13-RJ14) -> 0.55584588 | RN15: =627.5095*(RH13-RH14) -> 0.5205904 | RO15: =627.5095*(RG13-RG14) -> -12.292194 | RP15: =627.5095*(RF13-RF14) -> -12.309822 | RQ15: =627.5095*(RE13-RE14) -> -6.1002017 | RR15: =627.5095*(RD13-RD14) -> -6.1354571 | RS15: =RR15-RN15 -> -6.6560475 | RT15: =RR15-RP15 -> 6.1743645
A16: 4.47 | C16: 05_end_correct | D16: -2737.8241 | E16: -2741.7326 | F16: -2741.7207 | G16: -2741.5697 | H16: -2741.5637 | I16: -2741.4283 | J16: -2741.4164 | K16: ∆E#fwd | L16: =627.5095*(D18-D17) -> 8.0358989 | M16: =627.5095*(J18-J17) -> 4.4123331 | N16: =627.5095*(I18-I17) -> 4.4566597 | O16: =627.5095*(H18-H17) -> 7.1919492 | P16: =627.5095*(G18-G17) -> 7.2141124 | Q16: =627.5095*(F18-F17) -> 7.1121562 | R16: =627.5095*(E18-E17) -> 7.1564828 | S16: =R16-N16 -> 2.6998231 | T16: =R16-P16 -> -0.057629663 | V16: =L16-'CCSD(T)'!BV16 -> -0.002214983 | W16: =N16-'CCSD(T)'!BW16 -> -0.041257484 | X16: =P16-'CCSD(T)'!BX16 -> -0.10251071 | Y16: =R16-'CCSD(T)'!BY16 -> -0.1903787 | Z16: =R16-'DLPNO-CCSD(T1 or T0)'!CT15 -> 0.45484196 | AA16: =X16-V16 -> -0.10029572 | AB16: =Y16-X16 -> -0.087867989 | AD16: 05_end_correct | AE16: -2737.8241 | AF16: -2741.7328 | AG16: -2741.721 | AH16: -2741.5699 | AI16: -2741.564 | AJ16: -2741.4286 | AK16: -2741.4168 | AL16: ∆E#fwd | AM16: =627.5095*(AE18-AE17) -> 8.0358989 | AN16: =627.5095*(AK18-AK17) -> 4.4734431 | AO16: =627.5095*(AJ18-AJ17) -> 4.4989949 | AP16: =627.5095*(AI18-AI17) -> 7.2424592 | AQ16: =627.5095*(AH18-AH17) -> 7.2552351 | AR16: =627.5095*(AG18-AG17) -> 7.1844237 | AS16: =627.5095*(AF18-AF17) -> 7.2099755 | AT16: =AS16-AO16 -> 2.7109805 | AU16: =AS16-AQ16 -> -0.045259581 | AW16: =AM16-'CCSD(T)'!BV16 -> -0.0022149767 | AX16: =AO16-'CCSD(T)'!BW16 -> 0.0010777586 | AY16: =AQ16-'CCSD(T)'!BX16 -> -0.061388063 | AZ16: =AS16-'CCSD(T)'!BY16 -> -0.13688597 | BA16: =AS16-'DLPNO-CCSD(T1 or T0)'!CT15 -> 0.50833468 | BB16: =AY16-AW16 -> -0.059173086 | BC16: =AZ16-AY16 -> -0.075497907 | BE16: 05_end_correct | BF16: -2737.8241 | BG16: -2741.7325 | BH16: -2741.7012 | BI16: -2741.5664 | BJ16: -2741.5507 | BK16: -2741.4268 | BL16: -0.031319164 | BM16: =BK16-BL16 -> -2741.3955 | BN16: ∆E#fwd | BO16: =627.5095*(BF18-BF17) -> 8.0358989 | BP16: =627.5095*(BM18-BM17) -> 4.8590146 | BQ16: =627.5095*(BK18-BK17) -> 4.3879546 | BR16: =627.5095*(BJ18-BJ17) -> 7.4930065 | BS16: =627.5095*(BI18-BI17) -> 7.2574765 | BT16: =627.5095*(BH18-BH17) -> 7.571154 | BU16: =627.5095*(BG18-BG17) -> 7.100094 | BV16: =BU16-BQ16 -> 2.7121394 | BW16: =BU16-BS16 -> -0.15738251 | BX16: =AU16-BW16 -> 0.11212293 | BY16: =BO16-'CCSD(T)'!BV16 -> -0.002214983 | BZ16: =BQ16-'CCSD(T)'!BW16 -> -0.1099626 | CA16: =BS16-'CCSD(T)'!BX16 -> -0.059146643 | CB16: =BU16-'CCSD(T)'!BY16 -> -0.24676748 | CC16: =BU16-'DLPNO-CCSD(T1 or T0)'!CT15 -> 0.39845317 | CD16: =CA16-BY16 -> -0.05693166 | CE16: =CB16-CA16 -> -0.18762084 | CG16: 05_end_correct | CH16: -2737.8241 | CI16: -2741.7338 | CJ16: -2741.7029 | CK16: -2741.5676 | CL16: -2741.5522 | CM16: -2741.4285 | CN16: -0.030867029 | CO16: =CM16-CN16 -> -2741.3976 | CP16: ∆E#fwd | CQ16: =627.5095*(CH18-CH17) -> 8.0358989 | CR16: =627.5095*(CO18-CO17) -> 4.7915916 | CS16: =627.5095*(CM18-CM17) -> 4.430886 | CT16: =627.5095*(CL18-CL17) -> 7.514783 | CU16: =627.5095*(CK18-CK17) -> 7.3344302 | CV16: =627.5095*(CJ18-CJ17) -> 7.5912319 | CW16: =627.5095*(CI18-CI17) -> 7.2305263 | CX16: =CW16-CS16 -> 2.7996403 | CY16: =CW16-CU16 -> -0.10390386 | CZ16: =CY16-BW16 -> 0.05347865 | DA16: =CQ16-'CCSD(T)'!BV16 -> -0.002214983 | DB16: =CS16-'CCSD(T)'!BW16 -> -0.067031156 | DC16: =CU16-'CCSD(T)'!BX16 -> 0.017807094 | DD16: =CW16-'CCSD(T)'!BY16 -> -0.1163351 | DE16: =CW16-'DLPNO-CCSD(T1 or T0)'!CT15 -> 0.52888556 | DF16: =DC16-DA16 -> 0.020022077 | DG16: =DD16-DC16 -> -0.13414219 | DI16: 05_end_correct | DJ16: -2737.8241 | DK16: -2741.7316 | DL16: -2741.7281 | DM16: -2741.5698 | DN16: -2741.5681 | DO16: -2741.4288 | DP16: -0.0034996691 | DQ16: =DO16-DP16 -> -2741.4253 | DR16: ∆E#fwd | DS16: =627.5095*(DJ18-DJ17) -> 8.0358987 | DT16: =627.5095*(DQ18-DQ17) -> 4.5379214 | DU16: =627.5095*(DO18-DO17) -> 4.4874901 | DV16: =627.5095*(DN18-DN17) -> 7.3553156 | DW16: =627.5095*(DM18-DM17) -> 7.3301 | DX16: =627.5095*(DL18-DL17) -> 7.3658213 | DY16: =627.5095*(DK18-DK17) -> 7.31539 | DZ16: =DY16-DU16 -> 2.8278999 | EA16: =DY16-DW16 -> -0.014709915 | EB16: =EA16-T16 -> 0.042919748 | EC16: =DS16-'CCSD(T)'!BV16 -> -0.0022152152 | ED16: =DU16-'CCSD(T)'!BW16 -> -0.010427026 | EE16: =DW16-'CCSD(T)'!BX16 -> 0.013476832 | EF16: =DY16-'CCSD(T)'!BY16 -> -0.031471409 | EG16: =DY16-'DLPNO-CCSD(T1 or T0)'!CT15 -> 0.61374925 | EH16: =EE16-EC16 -> 0.015692048 | EI16: =EF16-EE16 -> -0.044948241 | EK16: 05_end_correct | EL16: -2737.9349 | EM16: -2742.2694 | EN16: -2742.2567 | EO16: -2742.0864 | EP16: -2742.0801 | EQ16: -2741.9506 | ER16: -0.012750702 | ES16: =EQ16-ER16 -> -2741.9379 | ET16: ∆E#fwd | EU16: =627.5095*(EL18-EL17) -> 7.809565 | EV16: =627.5095*(ES18-ES17) -> 1.7691067 | EW16: =627.5095*(EQ18-EQ17) -> 1.7605659 | EX16: =627.5095*(EP18-EP17) -> 4.9037124 | EY16: =627.5095*(EO18-EO17) -> 4.899442 | EZ16: =627.5095*(EN18-EN17) -> 4.6234395 | FA16: =627.5095*(EM18-EM17) -> 4.6148987 | FB16: =FA16-EW16 -> 2.8543328 | FC16: =FA16-EY16 -> -0.28454331 | FD16: =EU16-'CCSD(T)'!BB16 -> -0.0027282857 | FE16: =EW16-'CCSD(T)'!BC16 -> 0.013683958 | FF16: =EY16-'CCSD(T)'!CH16 -> 0.031240824 | FG16: =FA16-'CCSD(T)'!CI16 -> -0.06050896 | FH16: =FA16-'DLPNO-CCSD(T1 or T0)'!AF15 -> 0.6087099 | FI16: =FF16-FD16 -> 0.03396911 | FJ16: =FG16-FF16 -> -0.091749784 | FL16: 05_end_correct | FM16: -2737.9349 | FN16: -2742.2696 | FO16: -2742.2569 | FP16: -2742.0866 | FQ16: -2742.0803 | FR16: -2741.9509 | FS16: -0.012669386 | FT16: =FR16-FS16 -> -2741.9382 | FU16: ∆E#fwd | FV16: =627.5095*(FM18-FM17) -> 7.8095654 | FW16: =627.5095*(FT18-FT17) -> 1.7828763 | FX16: =627.5095*(FR18-FR17) -> 1.7855793 | FY16: =627.5095*(FQ18-FQ17) -> 4.9126396 | FZ16: =627.5095*(FP18-FP17) -> 4.9139911 | GA16: =627.5095*(FO18-FO17) -> 4.6359159 | GB16: =627.5095*(FN18-FN17) -> 4.6386189 | GC16: =GB16-FX16 -> 2.8530396 | GD16: =GB16-FZ16 -> -0.27537218 | GE16: =LA16-GD16 -> -0.25106572 | GF16: =FV16-'CCSD(T)'!BB16 -> -0.0027279407 | GG16: =FX16-'CCSD(T)'!BC16 -> 0.038697334 | GH16: =FZ16-'CCSD(T)'!BD16 -> 0.045789864 | GI16: =GB16-'CCSD(T)'!BE16 -> -0.036788793 | GJ16: =GB16-'DLPNO-CCSD(T1 or T0)'!O15 -> -0.60975259 | GK16: =GH16-GF16 -> 0.048517805 | GL16: =GI16-GH16 -> -0.082578657 | GN16: 05_end_correct | GO16: -2737.9349 | GP16: -2742.2699 | GQ16: -2742.2351 | GR16: -2742.0836 | GS16: -2742.0662 | GT16: -2741.949 | GU16: -0.034749456 | GV16: =GT16-GU16 -> -2741.9143 | GW16: ∆E#fwd | GX16: =627.5095*(GO18-GO17) -> 7.8095654 | GY16: =627.5095*(GV18-GV17) -> 2.3889728 | GZ16: =627.5095*(GT18-GT17) -> 1.6636019 | HA16: =627.5095*(GS18-GS17) -> 5.2476981 | HB16: =627.5095*(GR18-GR17) -> 4.8850127 | HC16: =627.5095*(GQ18-GQ17) -> 5.1099448 | HD16: =627.5095*(GP18-GP17) -> 4.3845739 | HE16: =HD16-GZ16 -> 2.720972 | HF16: =HD16-HB16 -> -0.50043876 | HG16: =GD16-HF16 -> 0.22506657 | HH16: =GX16-'CCSD(T)'!BB16 -> -0.0027279282 | HI16: =GZ16-'CCSD(T)'!BC16 -> -0.08328004 | HJ16: =HB16-'CCSD(T)'!BD16 -> 0.016811488 | HK16: =HD16-'CCSD(T)'!BE16 -> -0.29083374 | HL16: =HD16-'DLPNO-CCSD(T1 or T0)'!CT15 -> -2.3170668 | HM16: =HJ16-HH16 -> 0.019539416 | HN16: =HK16-HJ16 -> -0.30764523 | HP16: 05_end_correct | HQ16: -2737.9349 | HR16: -2742.2711 | HS16: -2742.2368 | HT16: -2742.0848 | HU16: -2742.0676 | HV16: -2741.9506 | HW16: -0.034239812 | HX16: =HV16-HW16 -> -2741.9164 | HY16: ∆E#fwd | HZ16: =627.5095*(HQ18-HQ17) -> 7.8095654 | IA16: =627.5095*(HX18-HX17) -> 2.3186109 | IB16: =627.5095*(HV18-HV17) -> 1.7392674 | IC16: =627.5095*(HU18-HU17) -> 5.2008538 | ID16: =627.5095*(HT18-HT17) -> 4.911182 | IE16: =627.5095*(HS18-HS17) -> 5.0375373 | IF16: =627.5095*(HR18-HR17) -> 4.4581938 | IG16: =IF16-IB16 -> 2.7189264 | IH16: =IF16-ID16 -> -0.45298821 | II16: =IH16-HF16 -> 0.047450549 | IJ16: =HZ16-'CCSD(T)'!BB16 -> -0.0027279282 | IK16: =IB16-'CCSD(T)'!BC16 -> -0.0076145238 | IL16: =ID16-'CCSD(T)'!BD16 -> 0.042980824 | IM16: =IF16-'CCSD(T)'!BE16 -> -0.21721386 | IN16: =IF16-'DLPNO-CCSD(T1 or T0)'!CT15 -> -2.243447 | IO16: =IL16-IJ16 -> 0.045708752 | IP16: =IM16-IL16 -> -0.26019468 | IR16: 05_end_correct | IS16: -2737.9349 | IT16: -2742.2695 | IU16: -2742.2654 | IV16: -2742.0874 | IW16: -2742.0853 | IX16: -2741.9512 | IY16: -0.0041772516 | IZ16: =IX16-IY16 -> -2741.947 | JA16: ∆E#fwd | JB16: =627.5095*(IS18-IS17) -> 7.809565 | JC16: =627.5095*(IZ18-IZ17) -> 1.8050657 | JD16: =627.5095*(IX18-IX17) -> 1.7668712 | JE16: =627.5095*(IW18-IW17) -> 4.8948812 | JF16: =627.5095*(IV18-IV17) -> 4.8757839 | JG16: =627.5095*(IU18-IU17) -> 4.67085 | JH16: =627.5095*(IT18-IT17) -> 4.6326555 | JI16: =JH16-JD16 -> 2.8657843 | JJ16: =JH16-JF16 -> -0.24312843 | JK16: =JJ16-FC16 -> 0.04141488 | JL16: =JB16-'CCSD(T)'!BB16 -> -0.0027283422 | JM16: =JD16-'CCSD(T)'!BC16 -> 0.019989311 | JN16: =JF16-'CCSD(T)'!BD16 -> 0.0075827243 | JO16: =JH16-'CCSD(T)'!BE16 -> -0.042752179 | JP16: =JH16-'DLPNO-CCSD(T1 or T0)'!CT15 -> -2.0689853 | JQ16: =JN16-JL16 -> 0.010311067 | JR16: =JO16-JN16 -> -0.050334903 | JT16: -2744.7884 | JU16: -2744.3665 | JV16: -2744.3562 | JX16: 05_end_correct | JY16: -2739.3332 | JZ16: -2744.6926 | KA16: -2744.6718 | KB16: -2744.4226 | KC16: -2744.4123 | KD16: -2744.393 | KE16: -0.020717593 | KF16: =KD16-KE16 -> -2744.3723 | KG16: -2744.2085 | KH16: -2744.2085 | KI16: -2744.4589 | KJ16: -1.3042425 | KK16: -3.7558585 | KL16: =1.2*KK16+(1/3)*KJ16+JY16 -> -2744.275 | KM16: =1.3*KK16+JY16 -> -2744.2158 | KN16: =627.5095*(JY18-JY17) -> 9.0611539 | KO16: =627.5095*(KF18-KF17) -> 1.1900028 | KP16: =627.5095*(KL18-KL17) -> 2.9102624 | KQ16: =627.5095*(KM18-KM17) -> 3.7936811 | KR16: =627.5095*(KD18-KD17) -> 1.1902341 | KS16: =627.5095*(KC18-KC17) -> 5.2110714 | KT16: =627.5095*(KB18-KB17) -> 5.211187 | KU16: =627.5095*(KA18-KA17) -> 4.6845178 | KV16: =627.5095*(JZ18-JZ17) -> 4.6847491 | KW16: =KV16-KR16 -> 3.494515 | KX16: =627.5095*(JT18-JT17) -> 4.1203129 | KY16: =627.5095*(JU18-JU17) -> 4.577113 | KZ16: =627.5095*(JV18-JV17) -> 4.6511112 | LA16: =KV16-KT16 -> -0.52643791 | LB16: =LA16-GD16 -> -0.25106572 | LC16: =KN16-'PNO-LCCSD(T)'!AB15 -> -0.0050383304 | LD16: =KV16-GB16 -> 0.046130194 | LE16: =KX16-KV16 -> -0.56443617 | LF16: =KY16-KX16 -> 0.45680011 | LG16: =AD16 -> 05_end_correct | LH16: =627.5095*(KG18-KG17) -> 5.8327843 | LI16: =KS16-LH16 -> -0.62171291 | LJ16: =KT16-LH16 -> -0.62159727 | LK16: =627.5095*(KI18-KI17) -> 5.2998737 | LL16: =KU16-LK16 -> -0.61535588 | LM16: =KV16-LK16 -> -0.61512461 | LN16: =AP16-KS16 -> 2.0313878 | LP16: 05_end_correct | LQ16: -2739.3332 | LR16: -2744.6923 | LS16: -2744.6715 | LT16: -2744.4224 | LU16: -2744.4119 | LV16: -2744.3927 | LW16: -0.020832798 | LX16: =LV16-LW16 -> -2744.3719 | LY16: ∆E#fwd | LZ16: =627.5095*(LQ18-LQ17) -> 9.0611539 | MA16: =627.5095*(LX18-LX17) -> 1.2119145 | MB16: =627.5095*(LV18-LV17) -> 1.1890365 | MC16: =627.5095*(LU18-LU17) -> 5.2273176 | MD16: =627.5095*(LT18-LT17) -> 5.2158786 | ME16: =627.5095*(LS18-LS17) -> 4.7092376 | MF16: =627.5095*(LR18-LR17) -> 4.6863596 | MG16: =MF16-MB16 -> 3.4973231 | MH16: =MF16-MD16 -> -0.52951896 | MJ16: 05_end_correct | MK16: -2739.3332 | ML16: -2744.693 | MM16: -2744.6397 | MN16: -2744.4184 | MO16: -2744.3918 | MP16: -2744.3907 | MQ16: -0.053241993 | MR16: =MP16-MQ16 -> -2744.3374 | MS16: ∆E#fwd | MT16: =627.5095*(MK18-MK17) -> 9.0611539 | MU16: =627.5095*(MR18-MR17) -> 1.9490431 | MV16: =627.5095*(MP18-MP17) -> 0.93012166 | MW16: =627.5095*(MO18-MO17) -> 5.6569966 | MX16: =627.5095*(MN18-MN17) -> 5.1475359 | MY16: =627.5095*(MM18-MM17) -> 5.3306826 | MZ16: =627.5095*(ML18-ML17) -> 4.3117611 | NA16: =MZ16-MV16 -> 3.3816395 | NB16: =MZ16-MX16 -> -0.8357748 | NC16: =LA16-NB16 -> 0.30933689 | NE16: 05_end_correct | NF16: -2739.3332 | NG16: -2744.6946 | NH16: -2744.6418 | NI16: -2744.4199 | NJ16: -2744.3935 | NK16: -2744.3927 | NL16: -0.052825282 | NM16: =NK16-NL16 -> -2744.3398 | NN16: ∆E#fwd | NO16: =627.5095*(NF18-NF17) -> 9.0611539 | NP16: =627.5095*(NM18-NM17) -> 2.0441365 | NQ16: =627.5095*(NK18-NK17) -> 1.0876993 | NR16: =627.5095*(NJ18-NJ17) -> 5.7417154 | NS16: =627.5095*(NI18-NI17) -> 5.2634968 | NT16: =627.5095*(NH18-NH17) -> 5.4075759 | NU16: =627.5095*(NG18-NG17) -> 4.4511388 | NV16: =NU16-NQ16 -> 3.3634394 | NW16: =NU16-NS16 -> -0.81235804 | NX16: =NW16-NB16 -> 0.02341676 | NZ16: 05_end_correct | OA16: -2739.4139 | OB16: -2745.0507 | OC16: -2744.9761 | OD16: -2744.7474 | OE16: -2744.7101 | OF16: -2744.7751 | OG16: -0.0745847 | OH16: =OF16-OG16 -> -2744.7005 | OI16: ∆E#fwd | OJ16: =627.5095*(OA18-OA17) -> 9.1921753 | OK16: =627.5095*(OH18-OH17) -> 2.09128 | OL16: =627.5095*(OF18-OF17) -> 1.1187166 | OM16: =627.5095*(OE18-OE17) -> 5.7867745 | ON16: =627.5095*(OD18-OD17) -> 5.3004928 | OO16: =627.5095*(OC18-OC17) -> 5.4627921 | OP16: =627.5095*(OB18-OB17) -> 4.4902287 | OQ16: =OP16-OL16 -> 3.3715121 | OR16: =OP16-ON16 -> -0.81026412 | OT16: 05_end_correct | OU16: -2739.4139 | OV16: -2745.0485 | OW16: -2745.0193 | OX16: -2744.7537 | OY16: -2744.7391 | OZ16: -2744.7773 | PA16: -0.029165542 | PB16: -2744.7481 | PC16: ∆E#fwd | PD16: 9.1921752 | PE16: 1.4467832 | PF16: 1.2816269 | PG16: 5.4687994 | PH16: 5.3862212 | PI16: 5.0217544 | PJ16: 4.8565981 | PK16: 3.5749712 | PL16: -0.52962312 | PO16: =OJ16-MT16 -> 0.13102138 | PP16: =ON16-MX16 -> 0.15295686 | PQ16: =PP16-PO16 -> 0.021935479 | PR16: ='LNO-CCSD(T)-def2nZVP'!LB16 -> -0.25106572 | PS16: =PO$2*PO16+PQ$2*PQ16 -> 0.034295204 | PT16: =PR16*PR$2 -> -0.15251434 | PU16: =-'LNO-CCSD(T)-def2nZVP'!FA16+'CCSD(T)'!CI16 -> 0.06050896 | PV16: ='LNO-CCSD(T)-def2nZVP'!KV16+PS16+PT16+PU16 -> 4.6270389 | PX16: 0.13102133 | PY16: 0.17034261 | PZ16: 0.039321282 | QA16: -0.25106572 | QB16: 0.04717356 | QC16: -0.15251434 | QD16: 0.06050896 | QE16: 4.6399173 | QF16: =QE16-PV16 -> 0.012878356 | QH16: 05_end_correct | QI16: -2739.3332 | QJ16: -2744.3486 | QK16: -2744.33 | QL16: -2744.0928 | QM16: -2744.0835 | QN16: -2744.0195 | QO16: -0.018600897 | QP16: =QN16-QO16 -> -2744.0009 | QQ16: ∆E#fwd | QR16: =627.5095*(QI18-QI17) -> 9.0611539 | QS16: =627.5095*(QP18-QP17) -> 1.6785339 | QT16: =627.5095*(QN18-QN17) -> 1.5521414 | QU16: =627.5095*(QM18-QM17) -> 5.4570294 | QV16: =627.5095*(QL18-QL17) -> 5.3938332 | QW16: =627.5095*(QK18-QK17) -> 5.0444437 | QX16: =627.5095*(QJ18-QJ17) -> 4.9180512 | QY16: =QX16-QT16 -> 3.3659098 | QZ16: =QX16-QV16 -> -0.475782 | RB16: 05_end_correct | RC16: -2739.4139 | RD16: -2744.6822 | RE16: -2744.6559 | RF16: -2744.4034 | RG16: -2744.3903 | RH16: -2744.3837 | RI16: -0.026309436 | RJ16: =RH16-RI16 -> -2744.3574 | RK16: ∆E#fwd | RL16: =627.5095*(RC18-RC17) -> 9.1921753 | RM16: =627.5095*(RJ18-RJ17) -> 2.1772716 | RN16: =627.5095*(RH18-RH17) -> 1.9371545 | RO16: =627.5095*(RG18-RG17) -> 5.9058034 | RP16: =627.5095*(RF18-RF17) -> 5.7857448 | RQ16: =627.5095*(RE18-RE17) -> 5.5530967 | RR16: =627.5095*(RD18-RD17) -> 5.3129796 | RS16: =RR16-RN16 -> 3.3758251 | RT16: =RR16-RP16 -> -0.47276527
